,Country,Start Year,Start Month,Total Death Heat Wave,Total Death Cold Wave + Severe Winter Conditions,Total Death Country Year,Pct Death Heat Wave,Pct Death Cold Wave + Severe Winter Conditions
0,Afghanistan,2020,1.0,0.0,0.0,13.0,0.0,0.0
1,Afghanistan,2020,2.0,0.0,0.0,22.0,0.0,0.0
2,Afghanistan,2020,3.0,0.0,0.0,56.0,0.0,0.0
3,Afghanistan,2020,4.0,0.0,0.0,5.0,0.0,0.0
4,Afghanistan,2020,5.0,0.0,0.0,4.0,0.0,0.0
5,Afghanistan,2020,7.0,0.0,0.0,16.0,0.0,0.0
6,Afghanistan,2020,8.0,0.0,0.0,212.0,0.0,0.0
7,Afghanistan,2021,1.0,0.0,0.0,0.0,0.0,0.0
8,Afghanistan,2021,3.0,0.0,0.0,20.0,0.0,0.0
9,Afghanistan,2021,5.0,0.0,0.0,116.0,0.0,0.0
10,Afghanistan,2021,7.0,0.0,0.0,260.0,0.0,0.0
11,Afghanistan,2022,1.0,0.0,0.0,28.0,0.0,0.0
12,Afghanistan,2022,2.0,0.0,0.0,19.0,0.0,0.0
13,Afghanistan,2022,5.0,0.0,0.0,20.0,0.0,0.0
14,Afghanistan,2022,6.0,0.0,0.0,1099.0,0.0,0.0
15,Afghanistan,2022,7.0,0.0,0.0,13.0,0.0,0.0
16,Afghanistan,2022,8.0,0.0,0.0,156.0,0.0,0.0
17,Afghanistan,2022,12.0,0.0,0.0,31.0,0.0,0.0
18,Afghanistan,2023,1.0,0.0,166.0,166.0,0.0,100.0
19,Afghanistan,2023,3.0,0.0,0.0,5.0,0.0,0.0
20,Afghanistan,2023,5.0,0.0,0.0,4.0,0.0,0.0
21,Afghanistan,2023,7.0,0.0,0.0,67.0,0.0,0.0
22,Afghanistan,2023,10.0,0.0,0.0,2446.0,0.0,0.0
23,Afghanistan,2024,1.0,0.0,0.0,178.0,0.0,0.0
24,Afghanistan,2024,2.0,0.0,0.0,64.0,0.0,0.0
25,Afghanistan,2024,3.0,0.0,1197.0,1204.0,0.0,99.4186046511628
26,Afghanistan,2024,5.0,0.0,0.0,507.0,0.0,0.0
27,Afghanistan,2024,6.0,0.0,0.0,12.0,0.0,0.0
28,Afghanistan,2024,7.0,0.0,0.0,75.0,0.0,0.0
29,Afghanistan,2024,10.0,0.0,0.0,13.0,0.0,0.0
30,Albania,2021,1.0,0.0,0.0,0.0,0.0,0.0
31,Algeria,2020,1.0,0.0,0.0,12.0,0.0,0.0
32,Algeria,2020,8.0,0.0,0.0,0.0,0.0,0.0
33,Algeria,2020,12.0,0.0,0.0,19.0,0.0,0.0
34,Algeria,2021,3.0,0.0,0.0,10.0,0.0,0.0
35,Algeria,2021,7.0,0.0,0.0,18.0,0.0,0.0
36,Algeria,2021,8.0,0.0,0.0,90.0,0.0,0.0
37,Algeria,2021,9.0,0.0,0.0,13.0,0.0,0.0
38,Algeria,2021,10.0,0.0,0.0,3.0,0.0,0.0
39,Algeria,2022,8.0,0.0,0.0,44.0,0.0,0.0
40,Algeria,2022,11.0,0.0,0.0,16.0,0.0,0.0
41,Algeria,2023,1.0,0.0,0.0,17.0,0.0,0.0
42,Algeria,2023,2.0,0.0,0.0,10.0,0.0,0.0
43,Algeria,2023,7.0,0.0,0.0,68.0,0.0,0.0
44,Algeria,2023,9.0,0.0,0.0,8.0,0.0,0.0
45,Algeria,2024,2.0,0.0,0.0,0.0,0.0,0.0
46,Algeria,2024,7.0,0.0,0.0,68.0,0.0,0.0
47,Algeria,2024,9.0,0.0,0.0,5.0,0.0,0.0
48,Angola,2020,3.0,0.0,0.0,3.0,0.0,0.0
49,Angola,2020,4.0,0.0,0.0,30.0,0.0,0.0
50,Angola,2020,12.0,0.0,0.0,0.0,0.0,0.0
51,Angola,2021,3.0,0.0,0.0,8.0,0.0,0.0
52,Angola,2021,4.0,0.0,0.0,14.0,0.0,0.0
53,Angola,2023,4.0,0.0,0.0,54.0,0.0,0.0
54,Angola,2023,11.0,0.0,0.0,30.0,0.0,0.0
55,Angola,2024,12.0,0.0,0.0,329.0,0.0,0.0
56,Argentina,2020,1.0,0.0,0.0,0.0,0.0,0.0
57,Argentina,2020,2.0,0.0,0.0,3.0,0.0,0.0
58,Argentina,2021,1.0,0.0,0.0,0.0,0.0,0.0
59,Argentina,2021,3.0,0.0,0.0,15.0,0.0,0.0
60,Argentina,2022,1.0,0.0,0.0,0.0,0.0,0.0
61,Argentina,2022,2.0,0.0,0.0,17.0,0.0,0.0
62,Argentina,2023,5.0,0.0,0.0,0.0,0.0,0.0
63,Argentina,2023,9.0,0.0,0.0,0.0,0.0,0.0
64,Argentina,2023,10.0,0.0,0.0,0.0,0.0,0.0
65,Argentina,2023,12.0,0.0,0.0,13.0,0.0,0.0
66,Argentina,2024,3.0,0.0,0.0,1.0,0.0,0.0
67,Argentina,2024,5.0,0.0,0.0,0.0,0.0,0.0
68,Armenia,2020,7.0,0.0,0.0,0.0,0.0,0.0
69,Armenia,2022,8.0,0.0,0.0,17.0,0.0,0.0
70,Armenia,2023,1.0,0.0,0.0,15.0,0.0,0.0
71,Armenia,2023,6.0,0.0,0.0,0.0,0.0,0.0
72,Armenia,2024,5.0,0.0,0.0,4.0,0.0,0.0
73,Australia,2020,1.0,0.0,0.0,0.0,0.0,0.0
74,Australia,2020,2.0,0.0,0.0,1.0,0.0,0.0
75,Australia,2020,10.0,0.0,0.0,0.0,0.0,0.0
76,Australia,2021,2.0,0.0,0.0,0.0,0.0,0.0
77,Australia,2021,3.0,0.0,0.0,2.0,0.0,0.0
78,Australia,2021,4.0,0.0,0.0,1.0,0.0,0.0
79,Australia,2021,6.0,0.0,0.0,2.0,0.0,0.0
80,Australia,2021,11.0,0.0,0.0,2.0,0.0,0.0
81,Australia,2022,1.0,0.0,0.0,2.0,0.0,0.0
82,Australia,2022,2.0,0.0,0.0,22.0,0.0,0.0
83,Australia,2022,3.0,0.0,0.0,4.0,0.0,0.0
84,Australia,2022,7.0,0.0,0.0,1.0,0.0,0.0
85,Australia,2022,10.0,0.0,0.0,2.0,0.0,0.0
86,Australia,2023,1.0,0.0,0.0,0.0,0.0,0.0
87,Australia,2023,3.0,0.0,0.0,0.0,0.0,0.0
88,Australia,2023,6.0,0.0,0.0,10.0,0.0,0.0
89,Australia,2023,11.0,0.0,0.0,0.0,0.0,0.0
90,Australia,2023,12.0,0.0,0.0,10.0,0.0,0.0
91,Australia,2024,2.0,0.0,0.0,2.0,0.0,0.0
92,Australia,2024,4.0,0.0,0.0,0.0,0.0,0.0
93,Australia,2024,8.0,0.0,0.0,1.0,0.0,0.0
94,Austria,2021,7.0,0.0,0.0,1.0,0.0,0.0
95,Austria,2022,8.0,0.0,0.0,5.0,0.0,0.0
96,Austria,2024,9.0,0.0,0.0,5.0,0.0,0.0
97,Azerbaijan,2021,11.0,0.0,0.0,14.0,0.0,0.0
98,Bangladesh,2020,2.0,0.0,0.0,15.0,0.0,0.0
99,Bangladesh,2020,5.0,0.0,0.0,26.0,0.0,0.0
100,Bangladesh,2020,6.0,0.0,0.0,307.0,0.0,0.0
101,Bangladesh,2020,9.0,0.0,0.0,24.0,0.0,0.0
102,Bangladesh,2021,1.0,0.0,0.0,0.0,0.0,0.0
103,Bangladesh,2021,3.0,0.0,0.0,350.0,0.0,0.0
104,Bangladesh,2021,4.0,0.0,0.0,36.0,0.0,0.0
105,Bangladesh,2021,5.0,0.0,0.0,29.0,0.0,0.0
106,Bangladesh,2021,7.0,0.0,0.0,73.0,0.0,0.0
107,Bangladesh,2021,8.0,0.0,0.0,21.0,0.0,0.0
108,Bangladesh,2021,12.0,0.0,0.0,37.0,0.0,0.0
109,Bangladesh,2022,3.0,0.0,0.0,25.0,0.0,0.0
110,Bangladesh,2022,5.0,0.0,0.0,141.0,0.0,0.0
111,Bangladesh,2022,6.0,0.0,0.0,49.0,0.0,0.0
112,Bangladesh,2022,9.0,0.0,0.0,68.0,0.0,0.0
113,Bangladesh,2022,10.0,0.0,0.0,35.0,0.0,0.0
114,Bangladesh,2023,1.0,0.0,0.0,127.0,0.0,0.0
115,Bangladesh,2023,3.0,0.0,0.0,34.0,0.0,0.0
116,Bangladesh,2023,4.0,0.0,0.0,10.0,0.0,0.0
117,Bangladesh,2023,5.0,0.0,0.0,3.0,0.0,0.0
118,Bangladesh,2023,8.0,0.0,0.0,4.0,0.0,0.0
119,Bangladesh,2023,10.0,0.0,0.0,3.0,0.0,0.0
120,Bangladesh,2024,1.0,0.0,0.0,0.0,0.0,0.0
121,Bangladesh,2024,2.0,0.0,0.0,45.0,0.0,0.0
122,Bangladesh,2024,4.0,10.0,0.0,10.0,100.0,0.0
123,Bangladesh,2024,5.0,0.0,0.0,31.0,0.0,0.0
124,Bangladesh,2024,8.0,0.0,0.0,71.0,0.0,0.0
125,Bangladesh,2024,10.0,0.0,0.0,12.0,0.0,0.0
126,Barbados,2021,7.0,0.0,0.0,0.0,0.0,0.0
127,Belarus,2023,3.0,0.0,0.0,0.0,0.0,0.0
128,Belgium,2021,7.0,0.0,0.0,39.0,0.0,0.0
129,Belgium,2023,11.0,0.0,0.0,0.0,0.0,0.0
130,Belize,2020,11.0,0.0,0.0,0.0,0.0,0.0
131,Belize,2022,11.0,0.0,0.0,0.0,0.0,0.0
132,Belize,2024,5.0,0.0,0.0,0.0,0.0,0.0
133,Benin,2020,10.0,0.0,0.0,6.0,0.0,0.0
134,Benin,2021,9.0,0.0,0.0,13.0,0.0,0.0
135,Benin,2022,9.0,0.0,0.0,44.0,0.0,0.0
136,Benin,2023,1.0,0.0,0.0,22.0,0.0,0.0
137,Benin,2023,9.0,0.0,0.0,34.0,0.0,0.0
138,Benin,2024,6.0,0.0,0.0,0.0,0.0,0.0
139,Bhutan,2021,4.0,0.0,0.0,0.0,0.0,0.0
140,Bhutan,2021,6.0,0.0,0.0,10.0,0.0,0.0
141,Bolivia (Plurinational State of),2020,1.0,0.0,0.0,5.0,0.0,0.0
142,Bolivia (Plurinational State of),2020,2.0,0.0,0.0,26.0,0.0,0.0
143,Bolivia (Plurinational State of),2021,1.0,0.0,0.0,19.0,0.0,0.0
144,Bolivia (Plurinational State of),2021,2.0,0.0,0.0,9.0,0.0,0.0
145,Bolivia (Plurinational State of),2021,3.0,0.0,0.0,20.0,0.0,0.0
146,Bolivia (Plurinational State of),2021,4.0,0.0,0.0,0.0,0.0,0.0
147,Bolivia (Plurinational State of),2021,7.0,0.0,0.0,34.0,0.0,0.0
148,Bolivia (Plurinational State of),2021,9.0,0.0,0.0,23.0,0.0,0.0
149,Bolivia (Plurinational State of),2021,11.0,0.0,0.0,7.0,0.0,0.0
150,Bolivia (Plurinational State of),2021,12.0,0.0,0.0,15.0,0.0,0.0
151,Bolivia (Plurinational State of),2022,1.0,0.0,0.0,11.0,0.0,0.0
152,Bolivia (Plurinational State of),2022,2.0,0.0,0.0,60.0,0.0,0.0
153,Bolivia (Plurinational State of),2022,12.0,0.0,0.0,11.0,0.0,0.0
154,Bolivia (Plurinational State of),2023,1.0,0.0,0.0,5.0,0.0,0.0
155,Bolivia (Plurinational State of),2023,3.0,0.0,0.0,3.0,0.0,0.0
156,Bolivia (Plurinational State of),2023,9.0,0.0,0.0,10.0,0.0,0.0
157,Bolivia (Plurinational State of),2023,11.0,0.0,0.0,12.0,0.0,0.0
158,Bolivia (Plurinational State of),2023,12.0,0.0,0.0,14.0,0.0,0.0
159,Bolivia (Plurinational State of),2024,1.0,0.0,0.0,2.0,0.0,0.0
160,Bolivia (Plurinational State of),2024,2.0,0.0,0.0,0.0,0.0,0.0
161,Bolivia (Plurinational State of),2024,4.0,0.0,0.0,14.0,0.0,0.0
162,Bolivia (Plurinational State of),2024,7.0,0.0,0.0,2.0,0.0,0.0
163,Bolivia (Plurinational State of),2024,11.0,0.0,0.0,2.0,0.0,0.0
164,Bolivia (Plurinational State of),2024,12.0,0.0,0.0,13.0,0.0,0.0
165,Bosnia and Herzegovina,2020,6.0,0.0,0.0,0.0,0.0,0.0
166,Bosnia and Herzegovina,2021,11.0,0.0,0.0,0.0,0.0,0.0
167,Bosnia and Herzegovina,2022,4.0,0.0,0.0,1.0,0.0,0.0
168,Bosnia and Herzegovina,2022,12.0,0.0,0.0,1.0,0.0,0.0
169,Bosnia and Herzegovina,2023,5.0,0.0,0.0,0.0,0.0,0.0
170,Bosnia and Herzegovina,2023,7.0,0.0,0.0,1.0,0.0,0.0
171,Bosnia and Herzegovina,2024,1.0,0.0,0.0,0.0,0.0,0.0
172,Bosnia and Herzegovina,2024,8.0,0.0,0.0,12.0,0.0,0.0
173,Bosnia and Herzegovina,2024,10.0,0.0,0.0,27.0,0.0,0.0
174,Botswana,2023,7.0,0.0,0.0,0.0,0.0,0.0
175,Botswana,2024,11.0,0.0,0.0,0.0,0.0,0.0
176,Brazil,2020,1.0,0.0,0.0,61.0,0.0,0.0
177,Brazil,2020,2.0,0.0,0.0,57.0,0.0,0.0
178,Brazil,2020,3.0,0.0,0.0,60.0,0.0,0.0
179,Brazil,2020,6.0,0.0,0.0,12.0,0.0,0.0
180,Brazil,2020,11.0,0.0,0.0,37.0,0.0,0.0
181,Brazil,2020,12.0,0.0,0.0,35.0,0.0,0.0
182,Brazil,2021,1.0,0.0,0.0,21.0,0.0,0.0
183,Brazil,2021,2.0,0.0,0.0,6.0,0.0,0.0
184,Brazil,2021,3.0,0.0,0.0,1.0,0.0,0.0
185,Brazil,2021,4.0,0.0,0.0,0.0,0.0,0.0
186,Brazil,2021,6.0,0.0,0.0,2.0,0.0,0.0
187,Brazil,2021,11.0,0.0,0.0,51.0,0.0,0.0
188,Brazil,2022,1.0,0.0,0.0,50.0,0.0,0.0
189,Brazil,2022,2.0,0.0,0.0,272.0,0.0,0.0
190,Brazil,2022,3.0,0.0,0.0,8.0,0.0,0.0
191,Brazil,2022,4.0,0.0,0.0,23.0,0.0,0.0
192,Brazil,2022,5.0,0.0,0.0,119.0,0.0,0.0
193,Brazil,2022,7.0,0.0,0.0,12.0,0.0,0.0
194,Brazil,2022,9.0,0.0,0.0,11.0,0.0,0.0
195,Brazil,2022,11.0,0.0,0.0,42.0,0.0,0.0
196,Brazil,2022,12.0,0.0,0.0,2.0,0.0,0.0
197,Brazil,2023,1.0,0.0,0.0,5.0,0.0,0.0
198,Brazil,2023,2.0,0.0,0.0,67.0,0.0,0.0
199,Brazil,2023,3.0,0.0,0.0,17.0,0.0,0.0
200,Brazil,2023,4.0,0.0,0.0,0.0,0.0,0.0
201,Brazil,2023,6.0,0.0,0.0,17.0,0.0,0.0
202,Brazil,2023,7.0,0.0,0.0,25.0,0.0,0.0
203,Brazil,2023,9.0,0.0,0.0,60.0,0.0,0.0
204,Brazil,2023,10.0,0.0,0.0,0.0,0.0,0.0
205,Brazil,2023,11.0,0.0,0.0,5.0,0.0,0.0
206,Brazil,2024,1.0,0.0,0.0,23.0,0.0,0.0
207,Brazil,2024,2.0,0.0,0.0,9.0,0.0,0.0
208,Brazil,2024,3.0,0.0,0.0,34.0,0.0,0.0
209,Brazil,2024,4.0,0.0,0.0,10.0,0.0,0.0
210,Brazil,2024,5.0,0.0,0.0,209.0,0.0,0.0
211,Brazil,2024,7.0,0.0,0.0,10.0,0.0,0.0
212,Brazil,2024,8.0,0.0,0.0,62.0,0.0,0.0
213,Brazil,2024,11.0,0.0,0.0,17.0,0.0,0.0
214,Brazil,2024,12.0,0.0,0.0,55.0,0.0,0.0
215,Bulgaria,2021,1.0,0.0,0.0,0.0,0.0,0.0
216,Bulgaria,2021,8.0,0.0,0.0,0.0,0.0,0.0
217,Bulgaria,2021,11.0,0.0,0.0,44.0,0.0,0.0
218,Bulgaria,2022,9.0,0.0,0.0,0.0,0.0,0.0
219,Bulgaria,2023,9.0,0.0,0.0,4.0,0.0,0.0
220,Bulgaria,2023,11.0,0.0,0.0,2.0,0.0,0.0
221,Burkina Faso,2020,4.0,0.0,0.0,0.0,0.0,0.0
222,Burkina Faso,2020,6.0,0.0,0.0,0.0,0.0,0.0
223,Burkina Faso,2020,8.0,0.0,0.0,13.0,0.0,0.0
224,Burkina Faso,2021,2.0,0.0,0.0,11.0,0.0,0.0
225,Burkina Faso,2022,2.0,0.0,0.0,63.0,0.0,0.0
226,Burkina Faso,2023,2.0,0.0,0.0,10.0,0.0,0.0
227,Burkina Faso,2023,12.0,0.0,0.0,10.0,0.0,0.0
228,Burkina Faso,2024,5.0,0.0,0.0,0.0,0.0,0.0
229,Burundi,2020,1.0,0.0,0.0,3.0,0.0,0.0
230,Burundi,2020,3.0,0.0,0.0,2.0,0.0,0.0
231,Burundi,2020,4.0,0.0,0.0,0.0,0.0,0.0
232,Burundi,2021,4.0,0.0,0.0,0.0,0.0,0.0
233,Burundi,2021,12.0,0.0,0.0,38.0,0.0,0.0
234,Burundi,2023,3.0,0.0,0.0,14.0,0.0,0.0
235,Burundi,2023,10.0,0.0,0.0,7.0,0.0,0.0
236,Burundi,2024,3.0,0.0,0.0,0.0,0.0,0.0
237,Burundi,2024,4.0,0.0,0.0,29.0,0.0,0.0
238,Burundi,2024,7.0,0.0,0.0,0.0,0.0,0.0
239,Cabo Verde,2020,9.0,0.0,0.0,1.0,0.0,0.0
240,Cabo Verde,2023,11.0,0.0,0.0,2.0,0.0,0.0
241,Cambodia,2020,9.0,0.0,0.0,0.0,0.0,0.0
242,Cambodia,2020,10.0,0.0,0.0,44.0,0.0,0.0
243,Cambodia,2021,4.0,0.0,0.0,1.0,0.0,0.0
244,Cambodia,2021,9.0,0.0,0.0,0.0,0.0,0.0
245,Cambodia,2021,10.0,0.0,0.0,0.0,0.0,0.0
246,Cambodia,2022,9.0,0.0,0.0,36.0,0.0,0.0
247,Cambodia,2022,10.0,0.0,0.0,11.0,0.0,0.0
248,Cambodia,2022,12.0,0.0,0.0,26.0,0.0,0.0
249,Cameroon,2020,9.0,0.0,0.0,0.0,0.0,0.0
250,Cameroon,2020,12.0,0.0,0.0,37.0,0.0,0.0
251,Cameroon,2021,1.0,0.0,0.0,53.0,0.0,0.0
252,Cameroon,2021,8.0,0.0,0.0,38.0,0.0,0.0
253,Cameroon,2022,1.0,0.0,0.0,16.0,0.0,0.0
254,Cameroon,2022,5.0,0.0,0.0,11.0,0.0,0.0
255,Cameroon,2022,6.0,0.0,0.0,2.0,0.0,0.0
256,Cameroon,2022,8.0,0.0,0.0,300.0,0.0,0.0
257,Cameroon,2022,11.0,0.0,0.0,14.0,0.0,0.0
258,Cameroon,2023,5.0,0.0,0.0,30.0,0.0,0.0
259,Cameroon,2023,7.0,0.0,0.0,42.0,0.0,0.0
260,Cameroon,2023,10.0,0.0,0.0,27.0,0.0,0.0
261,Cameroon,2024,8.0,0.0,0.0,38.0,0.0,0.0
262,Cameroon,2024,10.0,0.0,0.0,15.0,0.0,0.0
263,Cameroon,2024,11.0,0.0,0.0,12.0,0.0,0.0
264,Canada,2020,4.0,0.0,0.0,1.0,0.0,0.0
265,Canada,2020,6.0,0.0,0.0,0.0,0.0,0.0
266,Canada,2021,6.0,815.0,0.0,818.0,99.63325183374083,0.0
267,Canada,2021,11.0,0.0,0.0,4.0,0.0,0.0
268,Canada,2022,4.0,0.0,0.0,0.0,0.0,0.0
269,Canada,2022,5.0,0.0,0.0,12.0,0.0,0.0
270,Canada,2022,9.0,0.0,0.0,1.0,0.0,0.0
271,Canada,2022,12.0,0.0,0.0,4.0,0.0,0.0
272,Canada,2023,5.0,0.0,0.0,4.0,0.0,0.0
273,Canada,2023,6.0,0.0,0.0,19.0,0.0,0.0
274,Canada,2023,7.0,0.0,0.0,4.0,0.0,0.0
275,Canada,2024,5.0,0.0,0.0,0.0,0.0,0.0
276,Canada,2024,6.0,0.0,0.0,0.0,0.0,0.0
277,Canada,2024,7.0,0.0,0.0,2.0,0.0,0.0
278,Canada,2024,8.0,0.0,0.0,1.0,0.0,0.0
279,Canary Islands,2021,9.0,0.0,0.0,1.0,0.0,0.0
280,Canary Islands,2022,2.0,0.0,0.0,16.0,0.0,0.0
281,Canary Islands,2024,3.0,0.0,0.0,2.0,0.0,0.0
282,Canary Islands,2024,9.0,0.0,0.0,57.0,0.0,0.0
283,Central African Republic,2021,8.0,0.0,0.0,0.0,0.0,0.0
284,Central African Republic,2022,1.0,0.0,0.0,0.0,0.0,0.0
285,Central African Republic,2022,2.0,0.0,0.0,0.0,0.0,0.0
286,Central African Republic,2022,7.0,0.0,0.0,16.0,0.0,0.0
287,Central African Republic,2023,10.0,0.0,0.0,0.0,0.0,0.0
288,Central African Republic,2024,4.0,0.0,0.0,58.0,0.0,0.0
289,Central African Republic,2024,8.0,0.0,0.0,0.0,0.0,0.0
290,Chad,2020,4.0,0.0,0.0,0.0,0.0,0.0
291,Chad,2020,8.0,0.0,0.0,3.0,0.0,0.0
292,Chad,2021,6.0,0.0,0.0,32.0,0.0,0.0
293,Chad,2022,6.0,0.0,0.0,22.0,0.0,0.0
294,Chad,2023,1.0,0.0,0.0,20.0,0.0,0.0
295,Chad,2024,3.0,0.0,0.0,1.0,0.0,0.0
296,Chad,2024,8.0,0.0,0.0,576.0,0.0,0.0
297,Chile,2021,1.0,0.0,0.0,0.0,0.0,0.0
298,Chile,2021,6.0,0.0,0.0,0.0,0.0,0.0
299,Chile,2022,12.0,0.0,0.0,3.0,0.0,0.0
300,Chile,2023,2.0,0.0,0.0,26.0,0.0,0.0
301,Chile,2023,6.0,0.0,0.0,4.0,0.0,0.0
302,Chile,2023,8.0,0.0,0.0,3.0,0.0,0.0
303,Chile,2023,11.0,0.0,0.0,14.0,0.0,0.0
304,Chile,2023,12.0,0.0,0.0,0.0,0.0,0.0
305,Chile,2024,2.0,0.0,0.0,135.0,0.0,0.0
306,Chile,2024,3.0,0.0,0.0,0.0,0.0,0.0
307,Chile,2024,6.0,0.0,0.0,2.0,0.0,0.0
308,China,2020,3.0,0.0,0.0,49.0,0.0,0.0
309,China,2020,5.0,0.0,0.0,284.0,0.0,0.0
310,China,2020,6.0,0.0,0.0,48.0,0.0,0.0
311,China,2020,8.0,0.0,0.0,0.0,0.0,0.0
312,China,2020,9.0,0.0,0.0,16.0,0.0,0.0
313,China,2020,10.0,0.0,0.0,6.0,0.0,0.0
314,China,2020,11.0,0.0,0.0,13.0,0.0,0.0
315,China,2020,12.0,0.0,0.0,18.0,0.0,0.0
316,China,2021,1.0,0.0,0.0,0.0,0.0,0.0
317,China,2021,3.0,0.0,0.0,3.0,0.0,0.0
318,China,2021,4.0,0.0,0.0,43.0,0.0,0.0
319,China,2021,5.0,0.0,0.0,36.0,0.0,0.0
320,China,2021,6.0,0.0,0.0,395.0,0.0,0.0
321,China,2021,7.0,0.0,0.0,36.0,0.0,0.0
322,China,2021,8.0,0.0,0.0,40.0,0.0,0.0
323,China,2021,9.0,0.0,0.0,3.0,0.0,0.0
324,China,2021,10.0,0.0,0.0,23.0,0.0,0.0
325,China,2021,11.0,0.0,0.0,1.0,0.0,0.0
326,China,2021,12.0,0.0,0.0,0.0,0.0,0.0
327,China,2022,1.0,0.0,0.0,29.0,0.0,0.0
328,China,2022,4.0,0.0,0.0,46.0,0.0,0.0
329,China,2022,5.0,0.0,0.0,48.0,0.0,0.0
330,China,2022,6.0,0.0,0.0,4.0,0.0,0.0
331,China,2022,7.0,0.0,0.0,58.0,0.0,0.0
332,China,2022,8.0,0.0,0.0,52.0,0.0,0.0
333,China,2022,9.0,0.0,0.0,135.0,0.0,0.0
334,China,2022,11.0,0.0,0.0,48.0,0.0,0.0
335,China,2023,1.0,0.0,0.0,47.0,0.0,0.0
336,China,2023,2.0,0.0,0.0,69.0,0.0,0.0
337,China,2023,4.0,0.0,0.0,29.0,0.0,0.0
338,China,2023,5.0,0.0,0.0,10.0,0.0,0.0
339,China,2023,6.0,0.0,0.0,63.0,0.0,0.0
340,China,2023,7.0,0.0,0.0,77.0,0.0,0.0
341,China,2023,8.0,0.0,0.0,108.0,0.0,0.0
342,China,2023,9.0,0.0,0.0,27.0,0.0,0.0
343,China,2023,10.0,0.0,0.0,0.0,0.0,0.0
344,China,2023,11.0,0.0,0.0,26.0,0.0,0.0
345,China,2023,12.0,0.0,0.0,163.0,0.0,0.0
346,China,2024,1.0,0.0,0.0,63.0,0.0,0.0
347,China,2024,2.0,0.0,0.0,15.0,0.0,0.0
348,China,2024,3.0,0.0,0.0,4.0,0.0,0.0
349,China,2024,4.0,0.0,0.0,29.0,0.0,0.0
350,China,2024,5.0,0.0,0.0,48.0,0.0,0.0
351,China,2024,7.0,0.0,0.0,153.0,0.0,0.0
352,China,2024,8.0,0.0,0.0,27.0,0.0,0.0
353,China,2024,9.0,0.0,0.0,17.0,0.0,0.0
354,China,2024,10.0,0.0,0.0,8.0,0.0,0.0
355,China,2024,12.0,0.0,0.0,13.0,0.0,0.0
356,Colombia,2020,2.0,0.0,0.0,14.0,0.0,0.0
357,Colombia,2020,4.0,0.0,0.0,11.0,0.0,0.0
358,Colombia,2020,7.0,0.0,0.0,63.0,0.0,0.0
359,Colombia,2020,10.0,0.0,0.0,0.0,0.0,0.0
360,Colombia,2020,11.0,0.0,0.0,41.0,0.0,0.0
361,Colombia,2021,1.0,0.0,0.0,12.0,0.0,0.0
362,Colombia,2021,3.0,0.0,0.0,11.0,0.0,0.0
363,Colombia,2021,4.0,0.0,0.0,3.0,0.0,0.0
364,Colombia,2021,6.0,0.0,0.0,5.0,0.0,0.0
365,Colombia,2021,9.0,0.0,0.0,12.0,0.0,0.0
366,Colombia,2021,10.0,0.0,0.0,2.0,0.0,0.0
367,Colombia,2021,11.0,0.0,0.0,20.0,0.0,0.0
368,Colombia,2022,2.0,0.0,0.0,20.0,0.0,0.0
369,Colombia,2022,3.0,0.0,0.0,32.0,0.0,0.0
370,Colombia,2022,4.0,0.0,0.0,37.0,0.0,0.0
371,Colombia,2022,5.0,0.0,0.0,15.0,0.0,0.0
372,Colombia,2022,6.0,0.0,0.0,4.0,0.0,0.0
373,Colombia,2022,8.0,0.0,0.0,0.0,0.0,0.0
374,Colombia,2022,10.0,0.0,0.0,46.0,0.0,0.0
375,Colombia,2022,11.0,0.0,0.0,7.0,0.0,0.0
376,Colombia,2022,12.0,0.0,0.0,34.0,0.0,0.0
377,Colombia,2023,1.0,0.0,0.0,0.0,0.0,0.0
378,Colombia,2023,3.0,0.0,0.0,22.0,0.0,0.0
379,Colombia,2023,7.0,0.0,0.0,29.0,0.0,0.0
380,Colombia,2023,10.0,0.0,0.0,0.0,0.0,0.0
381,Colombia,2024,1.0,0.0,0.0,34.0,0.0,0.0
382,Colombia,2024,5.0,0.0,0.0,0.0,0.0,0.0
383,Colombia,2024,10.0,0.0,0.0,0.0,0.0,0.0
384,Colombia,2024,11.0,0.0,0.0,0.0,0.0,0.0
385,Congo,2020,3.0,0.0,0.0,20.0,0.0,0.0
386,Congo,2020,11.0,0.0,0.0,0.0,0.0,0.0
387,Congo,2021,11.0,0.0,0.0,24.0,0.0,0.0
388,Congo,2022,9.0,0.0,0.0,34.0,0.0,0.0
389,Congo,2023,7.0,0.0,0.0,52.0,0.0,0.0
390,Congo,2023,12.0,0.0,0.0,23.0,0.0,0.0
391,Costa Rica,2020,11.0,0.0,0.0,0.0,0.0,0.0
392,Costa Rica,2021,7.0,0.0,0.0,3.0,0.0,0.0
393,Costa Rica,2022,10.0,0.0,0.0,0.0,0.0,0.0
394,Costa Rica,2023,8.0,0.0,0.0,0.0,0.0,0.0
395,Costa Rica,2024,11.0,0.0,0.0,0.0,0.0,0.0
396,Croatia,2020,3.0,0.0,0.0,1.0,0.0,0.0
397,Croatia,2020,12.0,0.0,0.0,8.0,0.0,0.0
398,Croatia,2021,7.0,0.0,0.0,10.0,0.0,0.0
399,Croatia,2022,5.0,731.0,0.0,731.0,100.0,0.0
400,Croatia,2022,12.0,0.0,0.0,0.0,0.0,0.0
401,Croatia,2023,5.0,0.0,0.0,0.0,0.0,0.0
402,Croatia,2023,7.0,0.0,0.0,1.0,0.0,0.0
403,Cuba,2020,5.0,0.0,0.0,0.0,0.0,0.0
404,Cuba,2020,7.0,0.0,0.0,0.0,0.0,0.0
405,Cuba,2021,1.0,0.0,0.0,10.0,0.0,0.0
406,Cuba,2021,7.0,0.0,0.0,0.0,0.0,0.0
407,Cuba,2021,8.0,0.0,0.0,0.0,0.0,0.0
408,Cuba,2022,5.0,0.0,0.0,46.0,0.0,0.0
409,Cuba,2022,6.0,0.0,0.0,6.0,0.0,0.0
410,Cuba,2022,8.0,0.0,0.0,16.0,0.0,0.0
411,Cuba,2022,9.0,0.0,0.0,3.0,0.0,0.0
412,Cuba,2023,6.0,0.0,0.0,6.0,0.0,0.0
413,Cuba,2023,8.0,0.0,0.0,0.0,0.0,0.0
414,Cuba,2024,3.0,0.0,0.0,0.0,0.0,0.0
415,Cuba,2024,9.0,0.0,0.0,0.0,0.0,0.0
416,Cuba,2024,10.0,0.0,0.0,10.0,0.0,0.0
417,Cuba,2024,11.0,0.0,0.0,0.0,0.0,0.0
418,Cyprus,2021,7.0,0.0,0.0,4.0,0.0,0.0
419,Cyprus,2024,2.0,0.0,0.0,0.0,0.0,0.0
420,Czechia,2020,2.0,0.0,0.0,1.0,0.0,0.0
421,Czechia,2020,8.0,0.0,0.0,11.0,0.0,0.0
422,Czechia,2021,6.0,0.0,0.0,6.0,0.0,0.0
423,Czechia,2021,7.0,0.0,0.0,0.0,0.0,0.0
424,Czechia,2021,10.0,0.0,0.0,0.0,0.0,0.0
425,Czechia,2022,2.0,0.0,0.0,0.0,0.0,0.0
426,Czechia,2024,9.0,0.0,0.0,13.0,0.0,0.0
427,Côte d’Ivoire,2020,6.0,0.0,0.0,24.0,0.0,0.0
428,Côte d’Ivoire,2021,7.0,0.0,0.0,25.0,0.0,0.0
429,Côte d’Ivoire,2022,6.0,0.0,0.0,13.0,0.0,0.0
430,Côte d’Ivoire,2022,8.0,0.0,0.0,21.0,0.0,0.0
431,Côte d’Ivoire,2023,3.0,0.0,0.0,0.0,0.0,0.0
432,Côte d’Ivoire,2024,6.0,0.0,0.0,26.0,0.0,0.0
433,Côte d’Ivoire,2024,7.0,0.0,0.0,0.0,0.0,0.0
434,Côte d’Ivoire,2024,11.0,0.0,0.0,20.0,0.0,0.0
435,Democratic People's Republic of Korea,2020,8.0,0.0,0.0,22.0,0.0,0.0
436,Democratic People's Republic of Korea,2021,8.0,0.0,0.0,0.0,0.0,0.0
437,Democratic People's Republic of Korea,2024,7.0,0.0,0.0,0.0,0.0,0.0
438,Democratic Republic of the Congo,2020,1.0,0.0,0.0,15.0,0.0,0.0
439,Democratic Republic of the Congo,2020,2.0,0.0,0.0,10.0,0.0,0.0
440,Democratic Republic of the Congo,2020,3.0,0.0,0.0,0.0,0.0,0.0
441,Democratic Republic of the Congo,2020,4.0,0.0,0.0,74.0,0.0,0.0
442,Democratic Republic of the Congo,2020,5.0,0.0,0.0,0.0,0.0,0.0
443,Democratic Republic of the Congo,2020,6.0,0.0,0.0,73.0,0.0,0.0
444,Democratic Republic of the Congo,2020,9.0,0.0,0.0,50.0,0.0,0.0
445,Democratic Republic of the Congo,2020,10.0,0.0,0.0,26.0,0.0,0.0
446,Democratic Republic of the Congo,2020,12.0,0.0,0.0,18.0,0.0,0.0
447,Democratic Republic of the Congo,2021,2.0,0.0,0.0,16.0,0.0,0.0
448,Democratic Republic of the Congo,2021,3.0,0.0,0.0,25.0,0.0,0.0
449,Democratic Republic of the Congo,2021,5.0,0.0,0.0,44.0,0.0,0.0
450,Democratic Republic of the Congo,2021,6.0,0.0,0.0,14.0,0.0,0.0
451,Democratic Republic of the Congo,2021,7.0,0.0,0.0,56.0,0.0,0.0
452,Democratic Republic of the Congo,2021,9.0,0.0,0.0,205.0,0.0,0.0
453,Democratic Republic of the Congo,2021,10.0,0.0,0.0,170.0,0.0,0.0
454,Democratic Republic of the Congo,2021,11.0,0.0,0.0,32.0,0.0,0.0
455,Democratic Republic of the Congo,2022,2.0,0.0,0.0,26.0,0.0,0.0
456,Democratic Republic of the Congo,2022,3.0,0.0,0.0,75.0,0.0,0.0
457,Democratic Republic of the Congo,2022,4.0,0.0,0.0,22.0,0.0,0.0
458,Democratic Republic of the Congo,2022,10.0,0.0,0.0,11.0,0.0,0.0
459,Democratic Republic of the Congo,2022,11.0,0.0,0.0,39.0,0.0,0.0
460,Democratic Republic of the Congo,2022,12.0,0.0,0.0,197.0,0.0,0.0
461,Democratic Republic of the Congo,2023,4.0,0.0,0.0,19.0,0.0,0.0
462,Democratic Republic of the Congo,2023,5.0,0.0,0.0,2830.0,0.0,0.0
463,Democratic Republic of the Congo,2023,9.0,0.0,0.0,17.0,0.0,0.0
464,Democratic Republic of the Congo,2023,11.0,0.0,0.0,4.0,0.0,0.0
465,Democratic Republic of the Congo,2023,12.0,0.0,0.0,76.0,0.0,0.0
466,Democratic Republic of the Congo,2024,1.0,0.0,0.0,300.0,0.0,0.0
467,Democratic Republic of the Congo,2024,3.0,0.0,0.0,2.0,0.0,0.0
468,Democratic Republic of the Congo,2024,4.0,0.0,0.0,75.0,0.0,0.0
469,Democratic Republic of the Congo,2024,5.0,0.0,0.0,13.0,0.0,0.0
470,Democratic Republic of the Congo,2024,8.0,0.0,0.0,20.0,0.0,0.0
471,Democratic Republic of the Congo,2024,10.0,0.0,0.0,23.0,0.0,0.0
472,Democratic Republic of the Congo,2024,11.0,0.0,0.0,11.0,0.0,0.0
473,Denmark,2022,5.0,252.0,0.0,252.0,100.0,0.0
474,Djibouti,2020,4.0,0.0,0.0,8.0,0.0,0.0
475,Djibouti,2022,6.0,0.0,0.0,0.0,0.0,0.0
476,Dominican Republic,2020,7.0,0.0,0.0,2.0,0.0,0.0
477,Dominican Republic,2021,7.0,0.0,0.0,2.0,0.0,0.0
478,Dominican Republic,2022,3.0,0.0,0.0,0.0,0.0,0.0
479,Dominican Republic,2022,9.0,0.0,0.0,2.0,0.0,0.0
480,Dominican Republic,2023,6.0,0.0,0.0,1.0,0.0,0.0
481,Dominican Republic,2023,8.0,0.0,0.0,35.0,0.0,0.0
482,Dominican Republic,2023,11.0,0.0,0.0,34.0,0.0,0.0
483,Dominican Republic,2024,11.0,0.0,0.0,0.0,0.0,0.0
484,Ecuador,2020,2.0,0.0,0.0,0.0,0.0,0.0
485,Ecuador,2020,9.0,0.0,0.0,0.0,0.0,0.0
486,Ecuador,2021,1.0,0.0,0.0,12.0,0.0,0.0
487,Ecuador,2021,2.0,0.0,0.0,6.0,0.0,0.0
488,Ecuador,2021,3.0,0.0,0.0,0.0,0.0,0.0
489,Ecuador,2021,5.0,0.0,0.0,0.0,0.0,0.0
490,Ecuador,2022,1.0,0.0,0.0,29.0,0.0,0.0
491,Ecuador,2022,3.0,0.0,0.0,45.0,0.0,0.0
492,Ecuador,2022,7.0,0.0,0.0,3.0,0.0,0.0
493,Ecuador,2023,1.0,0.0,0.0,30.0,0.0,0.0
494,Ecuador,2023,3.0,0.0,0.0,89.0,0.0,0.0
495,Ecuador,2023,6.0,0.0,0.0,0.0,0.0,0.0
496,Ecuador,2024,1.0,0.0,0.0,6.0,0.0,0.0
497,Ecuador,2024,6.0,0.0,0.0,19.0,0.0,0.0
498,Ecuador,2024,12.0,0.0,0.0,18.0,0.0,0.0
499,Egypt,2020,3.0,0.0,0.0,40.0,0.0,0.0
500,Egypt,2021,2.0,0.0,0.0,13.0,0.0,0.0
501,Egypt,2021,3.0,0.0,0.0,40.0,0.0,0.0
502,Egypt,2021,4.0,0.0,0.0,11.0,0.0,0.0
503,Egypt,2021,9.0,0.0,0.0,12.0,0.0,0.0
504,Egypt,2021,10.0,0.0,0.0,19.0,0.0,0.0
505,Egypt,2021,11.0,0.0,0.0,3.0,0.0,0.0
506,Egypt,2022,1.0,0.0,0.0,14.0,0.0,0.0
507,Egypt,2022,4.0,0.0,0.0,10.0,0.0,0.0
508,Egypt,2022,7.0,0.0,0.0,22.0,0.0,0.0
509,Egypt,2022,8.0,0.0,0.0,41.0,0.0,0.0
510,Egypt,2022,11.0,0.0,0.0,32.0,0.0,0.0
511,Egypt,2023,5.0,0.0,0.0,17.0,0.0,0.0
512,Egypt,2024,10.0,0.0,0.0,12.0,0.0,0.0
513,El Salvador,2020,2.0,0.0,0.0,11.0,0.0,0.0
514,El Salvador,2020,5.0,0.0,0.0,32.0,0.0,0.0
515,El Salvador,2020,10.0,0.0,0.0,42.0,0.0,0.0
516,El Salvador,2020,11.0,0.0,0.0,0.0,0.0,0.0
517,El Salvador,2021,9.0,0.0,0.0,5.0,0.0,0.0
518,El Salvador,2022,7.0,0.0,0.0,1.0,0.0,0.0
519,El Salvador,2022,10.0,0.0,0.0,10.0,0.0,0.0
520,El Salvador,2023,5.0,0.0,0.0,12.0,0.0,0.0
521,El Salvador,2024,6.0,0.0,0.0,19.0,0.0,0.0
522,Equatorial Guinea,2021,3.0,0.0,0.0,107.0,0.0,0.0
523,Equatorial Guinea,2023,2.0,0.0,0.0,10.0,0.0,0.0
524,Eswatini,2022,11.0,0.0,0.0,0.0,0.0,0.0
525,Ethiopia,2020,1.0,0.0,0.0,10.0,0.0,0.0
526,Ethiopia,2020,4.0,0.0,0.0,12.0,0.0,0.0
527,Ethiopia,2020,5.0,0.0,0.0,22.0,0.0,0.0
528,Ethiopia,2020,6.0,0.0,0.0,0.0,0.0,0.0
529,Ethiopia,2021,5.0,0.0,0.0,0.0,0.0,0.0
530,Ethiopia,2022,8.0,0.0,0.0,0.0,0.0,0.0
531,Ethiopia,2022,9.0,0.0,0.0,271.0,0.0,0.0
532,Ethiopia,2023,3.0,0.0,0.0,91.0,0.0,0.0
533,Ethiopia,2023,10.0,0.0,0.0,60.0,0.0,0.0
534,Ethiopia,2024,4.0,0.0,0.0,5.0,0.0,0.0
535,Ethiopia,2024,7.0,0.0,0.0,276.0,0.0,0.0
536,Ethiopia,2024,8.0,0.0,0.0,13.0,0.0,0.0
537,Ethiopia,2024,10.0,0.0,0.0,14.0,0.0,0.0
538,Ethiopia,2024,12.0,0.0,0.0,71.0,0.0,0.0
539,Fiji,2020,1.0,0.0,0.0,2.0,0.0,0.0
540,Fiji,2020,4.0,0.0,0.0,1.0,0.0,0.0
541,Fiji,2020,12.0,0.0,0.0,5.0,0.0,0.0
542,Fiji,2021,1.0,0.0,0.0,6.0,0.0,0.0
543,Fiji,2022,1.0,0.0,0.0,1.0,0.0,0.0
544,Fiji,2023,11.0,0.0,0.0,0.0,0.0,0.0
545,France,2020,1.0,0.0,0.0,0.0,0.0,0.0
546,France,2020,2.0,0.0,0.0,0.0,0.0,0.0
547,France,2020,5.0,0.0,0.0,0.0,0.0,0.0
548,France,2020,6.0,0.0,0.0,0.0,0.0,0.0
549,France,2020,9.0,0.0,0.0,2.0,0.0,0.0
550,France,2020,10.0,0.0,0.0,18.0,0.0,0.0
551,France,2021,2.0,0.0,0.0,0.0,0.0,0.0
552,France,2021,4.0,0.0,0.0,0.0,0.0,0.0
553,France,2021,6.0,0.0,0.0,1.0,0.0,0.0
554,France,2021,7.0,0.0,0.0,0.0,0.0,0.0
555,France,2021,9.0,0.0,0.0,0.0,0.0,0.0
556,France,2021,10.0,0.0,0.0,0.0,0.0,0.0
557,France,2021,11.0,0.0,0.0,32.0,0.0,0.0
558,France,2021,12.0,0.0,0.0,0.0,0.0,0.0
559,France,2022,2.0,0.0,0.0,0.0,0.0,0.0
560,France,2022,6.0,0.0,0.0,1.0,0.0,0.0
561,France,2022,8.0,0.0,0.0,5.0,0.0,0.0
562,France,2022,10.0,0.0,0.0,0.0,0.0,0.0
563,France,2022,12.0,0.0,0.0,10.0,0.0,0.0
564,France,2023,6.0,0.0,0.0,0.0,0.0,0.0
565,France,2023,8.0,0.0,0.0,11.0,0.0,0.0
566,France,2023,11.0,0.0,0.0,2.0,0.0,0.0
567,France,2023,12.0,0.0,0.0,1.0,0.0,0.0
568,France,2024,3.0,0.0,0.0,9.0,0.0,0.0
569,France,2024,9.0,0.0,0.0,12.0,0.0,0.0
570,France,2024,10.0,0.0,0.0,0.0,0.0,0.0
571,France,2024,11.0,0.0,0.0,0.0,0.0,0.0
572,French Guiana,2020,5.0,0.0,0.0,0.0,0.0,0.0
573,Gabon,2023,5.0,0.0,0.0,0.0,0.0,0.0
574,Gabon,2024,11.0,0.0,0.0,0.0,0.0,0.0
575,Gambia,2021,7.0,0.0,0.0,10.0,0.0,0.0
576,Gambia,2022,7.0,0.0,0.0,6.0,0.0,0.0
577,Georgia,2020,7.0,0.0,0.0,0.0,0.0,0.0
578,Georgia,2020,8.0,0.0,0.0,17.0,0.0,0.0
579,Georgia,2021,9.0,0.0,0.0,0.0,0.0,0.0
580,Georgia,2022,6.0,0.0,0.0,0.0,0.0,0.0
581,Georgia,2023,6.0,0.0,0.0,0.0,0.0,0.0
582,Georgia,2023,8.0,0.0,0.0,18.0,0.0,0.0
583,Georgia,2024,12.0,0.0,0.0,12.0,0.0,0.0
584,Germany,2020,2.0,0.0,0.0,0.0,0.0,0.0
585,Germany,2021,6.0,0.0,0.0,0.0,0.0,0.0
586,Germany,2021,7.0,0.0,0.0,226.0,0.0,0.0
587,Germany,2021,10.0,0.0,0.0,1.0,0.0,0.0
588,Germany,2022,2.0,0.0,0.0,3.0,0.0,0.0
589,Germany,2023,11.0,0.0,0.0,2.0,0.0,0.0
590,Germany,2024,5.0,0.0,0.0,12.0,0.0,0.0
591,Ghana,2020,1.0,0.0,0.0,34.0,0.0,0.0
592,Ghana,2020,3.0,0.0,0.0,35.0,0.0,0.0
593,Ghana,2020,6.0,0.0,0.0,3.0,0.0,0.0
594,Ghana,2020,9.0,0.0,0.0,4.0,0.0,0.0
595,Ghana,2020,10.0,0.0,0.0,21.0,0.0,0.0
596,Ghana,2021,6.0,0.0,0.0,4.0,0.0,0.0
597,Ghana,2021,8.0,0.0,0.0,5.0,0.0,0.0
598,Ghana,2022,1.0,0.0,0.0,13.0,0.0,0.0
599,Ghana,2022,5.0,0.0,0.0,11.0,0.0,0.0
600,Ghana,2022,10.0,0.0,0.0,0.0,0.0,0.0
601,Ghana,2023,6.0,0.0,0.0,8.0,0.0,0.0
602,Ghana,2023,10.0,0.0,0.0,0.0,0.0,0.0
603,Greece,2020,1.0,0.0,0.0,12.0,0.0,0.0
604,Greece,2020,4.0,0.0,0.0,0.0,0.0,0.0
605,Greece,2020,8.0,0.0,0.0,8.0,0.0,0.0
606,Greece,2020,9.0,0.0,0.0,0.0,0.0,0.0
607,Greece,2020,10.0,0.0,0.0,2.0,0.0,0.0
608,Greece,2020,11.0,0.0,0.0,0.0,0.0,0.0
609,Greece,2021,3.0,0.0,0.0,0.0,0.0,0.0
610,Greece,2021,7.0,0.0,0.0,12.0,0.0,0.0
611,Greece,2021,9.0,0.0,0.0,1.0,0.0,0.0
612,Greece,2021,12.0,0.0,0.0,16.0,0.0,0.0
613,Greece,2022,2.0,0.0,0.0,11.0,0.0,0.0
614,Greece,2022,7.0,0.0,0.0,0.0,0.0,0.0
615,Greece,2022,10.0,0.0,0.0,46.0,0.0,0.0
616,Greece,2023,3.0,0.0,0.0,57.0,0.0,0.0
617,Greece,2023,7.0,4339.0,0.0,4342.0,99.93090741593736,0.0
618,Greece,2023,8.0,0.0,0.0,20.0,0.0,0.0
619,Greece,2023,9.0,0.0,0.0,17.0,0.0,0.0
620,Greece,2024,2.0,0.0,0.0,0.0,0.0,0.0
621,Greece,2024,8.0,0.0,0.0,1.0,0.0,0.0
622,Greece,2024,12.0,0.0,0.0,41.0,0.0,0.0
623,Grenada,2024,5.0,0.0,0.0,0.0,0.0,0.0
624,Grenada,2024,7.0,0.0,0.0,8.0,0.0,0.0
625,Guatemala,2020,5.0,0.0,0.0,5.0,0.0,0.0
626,Guatemala,2020,6.0,0.0,0.0,0.0,0.0,0.0
627,Guatemala,2020,11.0,0.0,0.0,162.0,0.0,0.0
628,Guatemala,2021,4.0,0.0,0.0,0.0,0.0,0.0
629,Guatemala,2021,5.0,0.0,0.0,0.0,0.0,0.0
630,Guatemala,2021,9.0,0.0,0.0,2.0,0.0,0.0
631,Guatemala,2022,2.0,0.0,0.0,3.0,0.0,0.0
632,Guatemala,2022,5.0,0.0,0.0,48.0,0.0,0.0
633,Guatemala,2022,10.0,0.0,0.0,21.0,0.0,0.0
634,Guatemala,2023,5.0,0.0,0.0,78.0,0.0,0.0
635,Guatemala,2023,11.0,0.0,0.0,86.0,0.0,0.0
636,Guatemala,2024,1.0,0.0,0.0,0.0,0.0,0.0
637,Guatemala,2024,2.0,0.0,0.0,11.0,0.0,0.0
638,Guatemala,2024,5.0,0.0,0.0,0.0,0.0,0.0
639,Guatemala,2024,6.0,0.0,0.0,28.0,0.0,0.0
640,Guatemala,2024,11.0,0.0,0.0,0.0,0.0,0.0
641,Guinea,2020,9.0,0.0,0.0,0.0,0.0,0.0
642,Guinea,2021,5.0,0.0,0.0,15.0,0.0,0.0
643,Guinea,2021,8.0,0.0,0.0,6.0,0.0,0.0
644,Guinea,2022,3.0,0.0,0.0,18.0,0.0,0.0
645,Guinea,2022,8.0,0.0,0.0,0.0,0.0,0.0
646,Guinea,2022,11.0,0.0,0.0,24.0,0.0,0.0
647,Guinea,2023,8.0,0.0,0.0,8.0,0.0,0.0
648,Guinea,2023,12.0,0.0,0.0,18.0,0.0,0.0
649,Guinea,2024,4.0,0.0,0.0,16.0,0.0,0.0
650,Guinea,2024,7.0,0.0,0.0,23.0,0.0,0.0
651,Guinea,2024,8.0,0.0,0.0,5.0,0.0,0.0
652,Guinea,2024,9.0,0.0,0.0,13.0,0.0,0.0
653,Guinea-Bissau,2021,5.0,0.0,0.0,14.0,0.0,0.0
654,Guinea-Bissau,2023,1.0,0.0,0.0,0.0,0.0,0.0
655,Guyana,2021,5.0,0.0,0.0,0.0,0.0,0.0
656,Guyana,2022,5.0,0.0,0.0,0.0,0.0,0.0
657,Haiti,2021,4.0,0.0,0.0,7.0,0.0,0.0
658,Haiti,2021,7.0,0.0,0.0,0.0,0.0,0.0
659,Haiti,2021,8.0,0.0,0.0,2575.0,0.0,0.0
660,Haiti,2021,12.0,0.0,0.0,61.0,0.0,0.0
661,Haiti,2022,1.0,0.0,0.0,7.0,0.0,0.0
662,Haiti,2022,3.0,0.0,0.0,2.0,0.0,0.0
663,Haiti,2022,10.0,0.0,0.0,511.0,0.0,0.0
664,Haiti,2023,6.0,0.0,0.0,78.0,0.0,0.0
665,Haiti,2023,11.0,0.0,0.0,2.0,0.0,0.0
666,Haiti,2024,5.0,0.0,0.0,13.0,0.0,0.0
667,Haiti,2024,9.0,0.0,0.0,24.0,0.0,0.0
668,Haiti,2024,11.0,0.0,0.0,16.0,0.0,0.0
669,Haiti,2024,12.0,0.0,0.0,14.0,0.0,0.0
670,Honduras,2020,2.0,0.0,0.0,3.0,0.0,0.0
671,Honduras,2020,5.0,0.0,0.0,5.0,0.0,0.0
672,Honduras,2020,11.0,0.0,0.0,124.0,0.0,0.0
673,Honduras,2021,10.0,0.0,0.0,0.0,0.0,0.0
674,Honduras,2022,2.0,0.0,0.0,0.0,0.0,0.0
675,Honduras,2022,7.0,0.0,0.0,9.0,0.0,0.0
676,Honduras,2023,1.0,0.0,0.0,0.0,0.0,0.0
677,Honduras,2023,11.0,0.0,0.0,4.0,0.0,0.0
678,Honduras,2023,12.0,0.0,0.0,13.0,0.0,0.0
679,Honduras,2024,2.0,0.0,0.0,17.0,0.0,0.0
680,Honduras,2024,4.0,0.0,0.0,0.0,0.0,0.0
681,Honduras,2024,6.0,0.0,0.0,1.0,0.0,0.0
682,Honduras,2024,11.0,0.0,0.0,2.0,0.0,0.0
683,Iceland,2023,10.0,0.0,0.0,0.0,0.0,0.0
684,India,2020,1.0,0.0,0.0,37.0,0.0,0.0
685,India,2020,5.0,0.0,0.0,166.0,0.0,0.0
686,India,2020,6.0,0.0,0.0,1928.0,0.0,0.0
687,India,2020,8.0,0.0,0.0,88.0,0.0,0.0
688,India,2020,9.0,0.0,0.0,44.0,0.0,0.0
689,India,2020,10.0,0.0,0.0,152.0,0.0,0.0
690,India,2020,11.0,0.0,0.0,26.0,0.0,0.0
691,India,2021,1.0,0.0,0.0,45.0,0.0,0.0
692,India,2021,2.0,0.0,0.0,292.0,0.0,0.0
693,India,2021,4.0,0.0,0.0,18.0,0.0,0.0
694,India,2021,5.0,0.0,0.0,235.0,0.0,0.0
695,India,2021,6.0,0.0,0.0,1356.0,0.0,0.0
696,India,2021,7.0,0.0,0.0,88.0,0.0,0.0
697,India,2021,8.0,0.0,0.0,35.0,0.0,0.0
698,India,2021,9.0,0.0,0.0,38.0,0.0,0.0
699,India,2021,10.0,0.0,0.0,103.0,0.0,0.0
700,India,2021,11.0,0.0,0.0,87.0,0.0,0.0
701,India,2021,12.0,0.0,0.0,5.0,0.0,0.0
702,India,2022,1.0,0.0,0.0,12.0,0.0,0.0
703,India,2022,2.0,0.0,0.0,13.0,0.0,0.0
704,India,2022,3.0,25.0,0.0,25.0,100.0,0.0
705,India,2022,4.0,0.0,0.0,31.0,0.0,0.0
706,India,2022,5.0,0.0,0.0,2062.0,0.0,0.0
707,India,2022,6.0,0.0,0.0,89.0,0.0,0.0
708,India,2022,8.0,0.0,0.0,63.0,0.0,0.0
709,India,2022,9.0,0.0,0.0,0.0,0.0,0.0
710,India,2022,10.0,0.0,0.0,194.0,0.0,0.0
711,India,2022,12.0,0.0,0.0,16.0,0.0,0.0
712,India,2023,1.0,0.0,0.0,33.0,0.0,0.0
713,India,2023,3.0,0.0,0.0,52.0,0.0,0.0
714,India,2023,4.0,190.0,0.0,190.0,100.0,0.0
715,India,2023,5.0,0.0,0.0,22.0,0.0,0.0
716,India,2023,6.0,0.0,0.0,1911.0,0.0,0.0
717,India,2023,7.0,0.0,0.0,51.0,0.0,0.0
718,India,2023,8.0,0.0,0.0,71.0,0.0,0.0
719,India,2023,9.0,0.0,0.0,12.0,0.0,0.0
720,India,2023,10.0,0.0,0.0,178.0,0.0,0.0
721,India,2023,11.0,0.0,0.0,61.0,0.0,0.0
722,India,2023,12.0,0.0,0.0,30.0,0.0,0.0
723,India,2024,1.0,0.0,0.0,15.0,0.0,0.0
724,India,2024,2.0,0.0,0.0,11.0,0.0,0.0
725,India,2024,3.0,733.0,0.0,737.0,99.4572591587517,0.0
726,India,2024,5.0,0.0,0.0,164.0,0.0,0.0
727,India,2024,7.0,0.0,0.0,688.0,0.0,0.0
728,India,2024,8.0,0.0,0.0,78.0,0.0,0.0
729,India,2024,10.0,0.0,0.0,24.0,0.0,0.0
730,India,2024,11.0,0.0,0.0,46.0,0.0,0.0
731,India,2024,12.0,0.0,0.0,33.0,0.0,0.0
732,Indonesia,2020,1.0,0.0,0.0,39.0,0.0,0.0
733,Indonesia,2020,2.0,0.0,0.0,16.0,0.0,0.0
734,Indonesia,2020,3.0,0.0,0.0,3.0,0.0,0.0
735,Indonesia,2020,4.0,0.0,0.0,6.0,0.0,0.0
736,Indonesia,2020,5.0,0.0,0.0,11.0,0.0,0.0
737,Indonesia,2020,6.0,0.0,0.0,7.0,0.0,0.0
738,Indonesia,2020,7.0,0.0,0.0,105.0,0.0,0.0
739,Indonesia,2020,8.0,0.0,0.0,0.0,0.0,0.0
740,Indonesia,2020,9.0,0.0,0.0,11.0,0.0,0.0
741,Indonesia,2020,10.0,0.0,0.0,15.0,0.0,0.0
742,Indonesia,2020,11.0,0.0,0.0,0.0,0.0,0.0
743,Indonesia,2020,12.0,0.0,0.0,7.0,0.0,0.0
744,Indonesia,2021,1.0,0.0,0.0,196.0,0.0,0.0
745,Indonesia,2021,2.0,0.0,0.0,29.0,0.0,0.0
746,Indonesia,2021,3.0,0.0,0.0,27.0,0.0,0.0
747,Indonesia,2021,4.0,0.0,0.0,248.0,0.0,0.0
748,Indonesia,2021,5.0,0.0,0.0,0.0,0.0,0.0
749,Indonesia,2021,6.0,0.0,0.0,0.0,0.0,0.0
750,Indonesia,2021,7.0,0.0,0.0,55.0,0.0,0.0
751,Indonesia,2021,8.0,0.0,0.0,9.0,0.0,0.0
752,Indonesia,2021,9.0,0.0,0.0,41.0,0.0,0.0
753,Indonesia,2021,10.0,0.0,0.0,3.0,0.0,0.0
754,Indonesia,2021,11.0,0.0,0.0,9.0,0.0,0.0
755,Indonesia,2021,12.0,0.0,0.0,79.0,0.0,0.0
756,Indonesia,2022,1.0,0.0,0.0,10.0,0.0,0.0
757,Indonesia,2022,2.0,0.0,0.0,42.0,0.0,0.0
758,Indonesia,2022,3.0,0.0,0.0,4.0,0.0,0.0
759,Indonesia,2022,5.0,0.0,0.0,19.0,0.0,0.0
760,Indonesia,2022,7.0,0.0,0.0,7.0,0.0,0.0
761,Indonesia,2022,8.0,0.0,0.0,10.0,0.0,0.0
762,Indonesia,2022,9.0,0.0,0.0,0.0,0.0,0.0
763,Indonesia,2022,10.0,0.0,0.0,29.0,0.0,0.0
764,Indonesia,2022,11.0,0.0,0.0,338.0,0.0,0.0
765,Indonesia,2022,12.0,0.0,0.0,11.0,0.0,0.0
766,Indonesia,2023,1.0,0.0,0.0,1.0,0.0,0.0
767,Indonesia,2023,2.0,0.0,0.0,4.0,0.0,0.0
768,Indonesia,2023,3.0,0.0,0.0,89.0,0.0,0.0
769,Indonesia,2023,4.0,0.0,0.0,5.0,0.0,0.0
770,Indonesia,2023,6.0,0.0,0.0,1.0,0.0,0.0
771,Indonesia,2023,7.0,0.0,0.0,21.0,0.0,0.0
772,Indonesia,2023,9.0,0.0,0.0,0.0,0.0,0.0
773,Indonesia,2023,11.0,0.0,0.0,0.0,0.0,0.0
774,Indonesia,2023,12.0,0.0,0.0,36.0,0.0,0.0
775,Indonesia,2024,2.0,0.0,0.0,2.0,0.0,0.0
776,Indonesia,2024,3.0,0.0,0.0,59.0,0.0,0.0
777,Indonesia,2024,4.0,0.0,0.0,39.0,0.0,0.0
778,Indonesia,2024,5.0,0.0,0.0,103.0,0.0,0.0
779,Indonesia,2024,6.0,0.0,0.0,6.0,0.0,0.0
780,Indonesia,2024,8.0,0.0,0.0,21.0,0.0,0.0
781,Indonesia,2024,9.0,0.0,0.0,18.0,0.0,0.0
782,Indonesia,2024,11.0,0.0,0.0,30.0,0.0,0.0
783,Indonesia,2024,12.0,0.0,0.0,12.0,0.0,0.0
784,Iran (Islamic Republic of),2020,1.0,0.0,0.0,60.0,0.0,0.0
785,Iran (Islamic Republic of),2020,2.0,0.0,0.0,21.0,0.0,0.0
786,Iran (Islamic Republic of),2020,4.0,0.0,0.0,8.0,0.0,0.0
787,Iran (Islamic Republic of),2020,9.0,0.0,0.0,0.0,0.0,0.0
788,Iran (Islamic Republic of),2020,11.0,0.0,0.0,7.0,0.0,0.0
789,Iran (Islamic Republic of),2020,12.0,0.0,0.0,12.0,0.0,0.0
790,Iran (Islamic Republic of),2021,2.0,0.0,0.0,2.0,0.0,0.0
791,Iran (Islamic Republic of),2021,4.0,0.0,0.0,0.0,0.0,0.0
792,Iran (Islamic Republic of),2021,5.0,0.0,0.0,11.0,0.0,0.0
793,Iran (Islamic Republic of),2021,7.0,0.0,0.0,10.0,0.0,0.0
794,Iran (Islamic Republic of),2021,9.0,0.0,0.0,14.0,0.0,0.0
795,Iran (Islamic Republic of),2021,10.0,0.0,0.0,2.0,0.0,0.0
796,Iran (Islamic Republic of),2021,11.0,0.0,0.0,1.0,0.0,0.0
797,Iran (Islamic Republic of),2021,12.0,0.0,0.0,10.0,0.0,0.0
798,Iran (Islamic Republic of),2022,1.0,0.0,0.0,6.0,0.0,0.0
799,Iran (Islamic Republic of),2022,5.0,0.0,0.0,36.0,0.0,0.0
800,Iran (Islamic Republic of),2022,6.0,0.0,0.0,21.0,0.0,0.0
801,Iran (Islamic Republic of),2022,7.0,0.0,0.0,97.0,0.0,0.0
802,Iran (Islamic Republic of),2022,8.0,0.0,0.0,16.0,0.0,0.0
803,Iran (Islamic Republic of),2022,10.0,0.0,0.0,0.0,0.0,0.0
804,Iran (Islamic Republic of),2023,1.0,0.0,0.0,3.0,0.0,0.0
805,Iran (Islamic Republic of),2023,3.0,0.0,0.0,0.0,0.0,0.0
806,Iran (Islamic Republic of),2023,4.0,0.0,0.0,3.0,0.0,0.0
807,Iran (Islamic Republic of),2023,6.0,0.0,0.0,0.0,0.0,0.0
808,Iran (Islamic Republic of),2023,8.0,0.0,0.0,10.0,0.0,0.0
809,Iran (Islamic Republic of),2023,9.0,0.0,0.0,3.0,0.0,0.0
810,Iran (Islamic Republic of),2023,11.0,0.0,0.0,32.0,0.0,0.0
811,Iran (Islamic Republic of),2024,2.0,0.0,0.0,0.0,0.0,0.0
812,Iran (Islamic Republic of),2024,4.0,0.0,0.0,10.0,0.0,0.0
813,Iran (Islamic Republic of),2024,5.0,0.0,0.0,19.0,0.0,0.0
814,Iran (Islamic Republic of),2024,6.0,0.0,0.0,4.0,0.0,0.0
815,Iran (Islamic Republic of),2024,8.0,0.0,0.0,28.0,0.0,0.0
816,Iran (Islamic Republic of),2024,9.0,0.0,0.0,76.0,0.0,0.0
817,Iran (Islamic Republic of),2024,10.0,0.0,0.0,11.0,0.0,0.0
818,Iran (Islamic Republic of),2024,12.0,0.0,0.0,10.0,0.0,0.0
819,Iraq,2020,3.0,0.0,0.0,8.0,0.0,0.0
820,Iraq,2021,4.0,0.0,0.0,82.0,0.0,0.0
821,Iraq,2021,7.0,0.0,0.0,92.0,0.0,0.0
822,Iraq,2021,10.0,0.0,0.0,2.0,0.0,0.0
823,Iraq,2021,12.0,0.0,0.0,14.0,0.0,0.0
824,Iraq,2022,4.0,0.0,0.0,11.0,0.0,0.0
825,Iraq,2022,5.0,0.0,0.0,1.0,0.0,0.0
826,Iraq,2022,9.0,0.0,0.0,11.0,0.0,0.0
827,Iraq,2022,11.0,0.0,0.0,11.0,0.0,0.0
828,Iraq,2023,4.0,0.0,0.0,3.0,0.0,0.0
829,Iraq,2023,9.0,0.0,0.0,118.0,0.0,0.0
830,Iraq,2024,3.0,0.0,0.0,3.0,0.0,0.0
831,Ireland,2021,5.0,0.0,0.0,0.0,0.0,0.0
832,Israel,2020,1.0,0.0,0.0,7.0,0.0,0.0
833,Israel,2020,10.0,0.0,0.0,0.0,0.0,0.0
834,Israel,2021,4.0,0.0,0.0,45.0,0.0,0.0
835,Italy,2020,2.0,0.0,0.0,1.0,0.0,0.0
836,Italy,2020,8.0,0.0,0.0,6.0,0.0,0.0
837,Italy,2020,10.0,0.0,0.0,7.0,0.0,0.0
838,Italy,2020,11.0,0.0,0.0,3.0,0.0,0.0
839,Italy,2020,12.0,0.0,0.0,2.0,0.0,0.0
840,Italy,2021,2.0,0.0,0.0,22.0,0.0,0.0
841,Italy,2021,5.0,0.0,0.0,14.0,0.0,0.0
842,Italy,2021,7.0,0.0,0.0,1.0,0.0,0.0
843,Italy,2022,6.0,0.0,0.0,0.0,0.0,0.0
844,Italy,2022,7.0,0.0,0.0,11.0,0.0,0.0
845,Italy,2022,8.0,0.0,0.0,2.0,0.0,0.0
846,Italy,2022,9.0,0.0,0.0,12.0,0.0,0.0
847,Italy,2022,11.0,0.0,0.0,12.0,0.0,0.0
848,Italy,2023,2.0,0.0,0.0,164.0,0.0,0.0
849,Italy,2023,4.0,0.0,0.0,24.0,0.0,0.0
850,Italy,2023,5.0,0.0,0.0,15.0,0.0,0.0
851,Italy,2023,6.0,0.0,0.0,40.0,0.0,0.0
852,Italy,2023,7.0,12743.0,0.0,12745.0,99.9843075715967,0.0
853,Italy,2023,10.0,0.0,0.0,21.0,0.0,0.0
854,Italy,2023,11.0,0.0,0.0,8.0,0.0,0.0
855,Italy,2024,3.0,0.0,0.0,1.0,0.0,0.0
856,Italy,2024,6.0,0.0,0.0,94.0,0.0,0.0
857,Italy,2024,9.0,0.0,0.0,23.0,0.0,0.0
858,Italy,2024,12.0,0.0,0.0,64.0,0.0,0.0
859,Jamaica,2024,7.0,0.0,0.0,3.0,0.0,0.0
860,Japan,2020,6.0,0.0,0.0,82.0,0.0,0.0
861,Japan,2020,9.0,0.0,0.0,2.0,0.0,0.0
862,Japan,2020,12.0,0.0,0.0,21.0,0.0,0.0
863,Japan,2021,1.0,0.0,0.0,23.0,0.0,0.0
864,Japan,2021,2.0,0.0,0.0,1.0,0.0,0.0
865,Japan,2021,3.0,0.0,0.0,0.0,0.0,0.0
866,Japan,2021,7.0,0.0,0.0,26.0,0.0,0.0
867,Japan,2021,8.0,0.0,0.0,12.0,0.0,0.0
868,Japan,2021,12.0,0.0,0.0,24.0,0.0,0.0
869,Japan,2022,3.0,0.0,0.0,3.0,0.0,0.0
870,Japan,2022,6.0,80.0,0.0,80.0,100.0,0.0
871,Japan,2022,7.0,0.0,0.0,0.0,0.0,0.0
872,Japan,2022,8.0,0.0,0.0,2.0,0.0,0.0
873,Japan,2022,9.0,0.0,0.0,8.0,0.0,0.0
874,Japan,2022,12.0,0.0,0.0,19.0,0.0,0.0
875,Japan,2023,5.0,0.0,0.0,1.0,0.0,0.0
876,Japan,2023,6.0,0.0,0.0,3.0,0.0,0.0
877,Japan,2023,7.0,0.0,0.0,6.0,0.0,0.0
878,Japan,2023,8.0,0.0,0.0,2.0,0.0,0.0
879,Japan,2023,9.0,0.0,0.0,3.0,0.0,0.0
880,Japan,2024,1.0,0.0,0.0,551.0,0.0,0.0
881,Japan,2024,2.0,0.0,0.0,0.0,0.0,0.0
882,Japan,2024,4.0,123.0,0.0,123.0,100.0,0.0
883,Japan,2024,7.0,0.0,0.0,6.0,0.0,0.0
884,Japan,2024,8.0,0.0,0.0,9.0,0.0,0.0
885,Japan,2024,9.0,0.0,0.0,9.0,0.0,0.0
886,Jordan,2022,6.0,0.0,0.0,13.0,0.0,0.0
887,Jordan,2023,11.0,0.0,0.0,0.0,0.0,0.0
888,Kazakhstan,2020,5.0,0.0,0.0,0.0,0.0,0.0
889,Kazakhstan,2021,6.0,0.0,0.0,0.0,0.0,0.0
890,Kazakhstan,2023,6.0,0.0,0.0,14.0,0.0,0.0
891,Kazakhstan,2024,4.0,0.0,0.0,2.0,0.0,0.0
892,Kenya,2020,2.0,0.0,0.0,13.0,0.0,0.0
893,Kenya,2020,4.0,0.0,0.0,285.0,0.0,0.0
894,Kenya,2020,12.0,0.0,0.0,0.0,0.0,0.0
895,Kenya,2021,3.0,0.0,0.0,0.0,0.0,0.0
896,Kenya,2021,4.0,0.0,0.0,9.0,0.0,0.0
897,Kenya,2021,7.0,0.0,0.0,13.0,0.0,0.0
898,Kenya,2022,7.0,0.0,0.0,37.0,0.0,0.0
899,Kenya,2022,10.0,0.0,0.0,202.0,0.0,0.0
900,Kenya,2023,1.0,0.0,0.0,21.0,0.0,0.0
901,Kenya,2023,3.0,0.0,0.0,36.0,0.0,0.0
902,Kenya,2023,4.0,0.0,0.0,0.0,0.0,0.0
903,Kenya,2023,6.0,0.0,0.0,52.0,0.0,0.0
904,Kenya,2023,10.0,0.0,0.0,178.0,0.0,0.0
905,Kenya,2024,2.0,0.0,0.0,6.0,0.0,0.0
906,Kenya,2024,3.0,0.0,0.0,353.0,0.0,0.0
907,Kenya,2024,4.0,0.0,0.0,23.0,0.0,0.0
908,Kenya,2024,9.0,0.0,0.0,38.0,0.0,0.0
909,Kyrgyzstan,2021,7.0,0.0,0.0,15.0,0.0,0.0
910,Kyrgyzstan,2022,7.0,0.0,0.0,0.0,0.0,0.0
911,Kyrgyzstan,2023,1.0,0.0,0.0,0.0,0.0,0.0
912,Kyrgyzstan,2024,4.0,0.0,0.0,0.0,0.0,0.0
913,Kyrgyzstan,2024,5.0,0.0,0.0,0.0,0.0,0.0
914,Kyrgyzstan,2024,7.0,0.0,0.0,6.0,0.0,0.0
915,Lao People's Democratic Republic,2020,8.0,0.0,0.0,0.0,0.0,0.0
916,Lao People's Democratic Republic,2020,10.0,0.0,0.0,2.0,0.0,0.0
917,Lao People's Democratic Republic,2021,6.0,0.0,0.0,0.0,0.0,0.0
918,Lao People's Democratic Republic,2021,12.0,0.0,0.0,0.0,0.0,0.0
919,Lao People's Democratic Republic,2022,8.0,0.0,0.0,1.0,0.0,0.0
920,Lao People's Democratic Republic,2023,7.0,0.0,0.0,7.0,0.0,0.0
921,Lao People's Democratic Republic,2024,4.0,0.0,0.0,0.0,0.0,0.0
922,Lao People's Democratic Republic,2024,7.0,0.0,0.0,0.0,0.0,0.0
923,Latvia,2023,3.0,0.0,0.0,0.0,0.0,0.0
924,Lebanon,2020,8.0,0.0,0.0,206.0,0.0,0.0
925,Lebanon,2020,10.0,0.0,0.0,0.0,0.0,0.0
926,Lebanon,2021,8.0,0.0,0.0,32.0,0.0,0.0
927,Lebanon,2022,10.0,0.0,0.0,11.0,0.0,0.0
928,Lebanon,2023,1.0,0.0,0.0,0.0,0.0,0.0
929,Lebanon,2024,1.0,0.0,0.0,0.0,0.0,0.0
930,Lesotho,2021,8.0,0.0,0.0,0.0,0.0,0.0
931,Lesotho,2023,12.0,0.0,0.0,2.0,0.0,0.0
932,Liberia,2020,5.0,0.0,0.0,50.0,0.0,0.0
933,Liberia,2021,7.0,0.0,0.0,16.0,0.0,0.0
934,Liberia,2022,4.0,0.0,0.0,71.0,0.0,0.0
935,Liberia,2023,12.0,0.0,0.0,40.0,0.0,0.0
936,Liberia,2024,6.0,0.0,0.0,2.0,0.0,0.0
937,Libya,2020,11.0,0.0,0.0,74.0,0.0,0.0
938,Libya,2021,7.0,0.0,0.0,57.0,0.0,0.0
939,Libya,2021,8.0,0.0,0.0,18.0,0.0,0.0
940,Libya,2021,10.0,0.0,0.0,17.0,0.0,0.0
941,Libya,2021,12.0,0.0,0.0,28.0,0.0,0.0
942,Libya,2022,4.0,0.0,0.0,35.0,0.0,0.0
943,Libya,2022,8.0,0.0,0.0,21.0,0.0,0.0
944,Libya,2023,9.0,0.0,0.0,13200.0,0.0,0.0
945,Libya,2023,12.0,0.0,0.0,60.0,0.0,0.0
946,Libya,2024,12.0,0.0,0.0,5.0,0.0,0.0
947,Luxembourg,2021,7.0,0.0,0.0,0.0,0.0,0.0
948,Madagascar,2020,1.0,0.0,0.0,40.0,0.0,0.0
949,Madagascar,2020,3.0,0.0,0.0,4.0,0.0,0.0
950,Madagascar,2021,1.0,0.0,0.0,2.0,0.0,0.0
951,Madagascar,2021,2.0,0.0,0.0,1.0,0.0,0.0
952,Madagascar,2021,12.0,0.0,0.0,85.0,0.0,0.0
953,Madagascar,2022,1.0,0.0,0.0,89.0,0.0,0.0
954,Madagascar,2022,2.0,0.0,0.0,121.0,0.0,0.0
955,Madagascar,2022,3.0,0.0,0.0,2.0,0.0,0.0
956,Madagascar,2022,4.0,0.0,0.0,12.0,0.0,0.0
957,Madagascar,2023,1.0,0.0,0.0,53.0,0.0,0.0
958,Madagascar,2023,2.0,0.0,0.0,17.0,0.0,0.0
959,Madagascar,2023,8.0,0.0,0.0,13.0,0.0,0.0
960,Madagascar,2024,1.0,0.0,0.0,10.0,0.0,0.0
961,Madagascar,2024,3.0,0.0,0.0,22.0,0.0,0.0
962,Madagascar,2024,11.0,0.0,0.0,38.0,0.0,0.0
963,Madagascar,2024,12.0,0.0,0.0,0.0,0.0,0.0
964,Malawi,2020,2.0,0.0,0.0,1.0,0.0,0.0
965,Malawi,2021,7.0,0.0,0.0,13.0,0.0,0.0
966,Malawi,2022,1.0,0.0,0.0,64.0,0.0,0.0
967,Malawi,2022,2.0,0.0,0.0,0.0,0.0,0.0
968,Malawi,2022,3.0,0.0,0.0,1776.0,0.0,0.0
969,Malawi,2022,11.0,0.0,0.0,62.0,0.0,0.0
970,Malawi,2023,3.0,0.0,0.0,1209.0,0.0,0.0
971,Malawi,2023,5.0,0.0,0.0,24.0,0.0,0.0
972,Malawi,2024,2.0,0.0,0.0,6.0,0.0,0.0
973,Malawi,2024,6.0,0.0,0.0,10.0,0.0,0.0
974,Malawi,2024,12.0,0.0,0.0,13.0,0.0,0.0
975,Malaysia,2020,4.0,0.0,0.0,0.0,0.0,0.0
976,Malaysia,2020,6.0,0.0,0.0,0.0,0.0,0.0
977,Malaysia,2020,10.0,0.0,0.0,0.0,0.0,0.0
978,Malaysia,2020,12.0,0.0,0.0,0.0,0.0,0.0
979,Malaysia,2021,1.0,0.0,0.0,14.0,0.0,0.0
980,Malaysia,2021,5.0,0.0,0.0,0.0,0.0,0.0
981,Malaysia,2021,8.0,0.0,0.0,7.0,0.0,0.0
982,Malaysia,2021,9.0,0.0,0.0,2.0,0.0,0.0
983,Malaysia,2021,10.0,0.0,0.0,0.0,0.0,0.0
984,Malaysia,2021,12.0,0.0,0.0,56.0,0.0,0.0
985,Malaysia,2022,2.0,0.0,0.0,24.0,0.0,0.0
986,Malaysia,2022,3.0,0.0,0.0,0.0,0.0,0.0
987,Malaysia,2022,7.0,0.0,0.0,3.0,0.0,0.0
988,Malaysia,2022,11.0,0.0,0.0,0.0,0.0,0.0
989,Malaysia,2022,12.0,0.0,0.0,41.0,0.0,0.0
990,Malaysia,2023,1.0,0.0,0.0,0.0,0.0,0.0
991,Malaysia,2023,2.0,0.0,0.0,4.0,0.0,0.0
992,Malaysia,2023,8.0,0.0,0.0,10.0,0.0,0.0
993,Malaysia,2023,11.0,0.0,0.0,0.0,0.0,0.0
994,Malaysia,2023,12.0,0.0,0.0,2.0,0.0,0.0
995,Malaysia,2024,4.0,0.0,0.0,10.0,0.0,0.0
996,Maldives,2022,11.0,0.0,0.0,10.0,0.0,0.0
997,Maldives,2023,12.0,0.0,0.0,0.0,0.0,0.0
998,Mali,2020,7.0,0.0,0.0,22.0,0.0,0.0
999,Mali,2021,7.0,0.0,0.0,23.0,0.0,0.0
1000,Mali,2022,7.0,0.0,0.0,10.0,0.0,0.0
1001,Mali,2023,6.0,0.0,0.0,15.0,0.0,0.0
1002,Mali,2024,2.0,0.0,0.0,46.0,0.0,0.0
1003,Mali,2024,6.0,0.0,0.0,92.0,0.0,0.0
1004,Mali,2024,7.0,0.0,0.0,16.0,0.0,0.0
1005,Marshall Islands,2022,1.0,0.0,0.0,0.0,0.0,0.0
1006,Marshall Islands,2024,1.0,0.0,0.0,0.0,0.0,0.0
1007,Mauritania,2020,6.0,0.0,0.0,0.0,0.0,0.0
1008,Mauritania,2020,9.0,0.0,0.0,9.0,0.0,0.0
1009,Mauritania,2022,7.0,0.0,0.0,14.0,0.0,0.0
1010,Mauritania,2023,7.0,0.0,0.0,1.0,0.0,0.0
1011,Mauritania,2024,7.0,0.0,0.0,187.0,0.0,0.0
1012,Mexico,2020,6.0,0.0,0.0,10.0,0.0,0.0
1013,Mexico,2020,7.0,0.0,0.0,5.0,0.0,0.0
1014,Mexico,2020,8.0,0.0,0.0,3.0,0.0,0.0
1015,Mexico,2020,10.0,0.0,0.0,6.0,0.0,0.0
1016,Mexico,2020,11.0,0.0,0.0,58.0,0.0,0.0
1017,Mexico,2021,2.0,0.0,0.0,12.0,0.0,0.0
1018,Mexico,2021,5.0,0.0,0.0,23.0,0.0,0.0
1019,Mexico,2021,6.0,0.0,0.0,5.0,0.0,0.0
1020,Mexico,2021,8.0,0.0,0.0,15.0,0.0,0.0
1021,Mexico,2021,9.0,0.0,0.0,27.0,0.0,0.0
1022,Mexico,2021,10.0,0.0,0.0,6.0,0.0,0.0
1023,Mexico,2021,11.0,0.0,0.0,38.0,0.0,0.0
1024,Mexico,2021,12.0,0.0,0.0,56.0,0.0,0.0
1025,Mexico,2022,1.0,0.0,0.0,13.0,0.0,0.0
1026,Mexico,2022,5.0,0.0,0.0,31.0,0.0,0.0
1027,Mexico,2022,7.0,0.0,0.0,14.0,0.0,0.0
1028,Mexico,2022,8.0,0.0,0.0,18.0,0.0,0.0
1029,Mexico,2022,9.0,0.0,0.0,10.0,0.0,0.0
1030,Mexico,2022,10.0,0.0,0.0,7.0,0.0,0.0
1031,Mexico,2022,12.0,0.0,0.0,15.0,0.0,0.0
1032,Mexico,2023,3.0,0.0,0.0,40.0,0.0,0.0
1033,Mexico,2023,5.0,0.0,0.0,13.0,0.0,0.0
1034,Mexico,2023,7.0,0.0,0.0,29.0,0.0,0.0
1035,Mexico,2023,8.0,0.0,0.0,15.0,0.0,0.0
1036,Mexico,2023,9.0,0.0,0.0,11.0,0.0,0.0
1037,Mexico,2023,10.0,0.0,0.0,112.0,0.0,0.0
1038,Mexico,2023,11.0,0.0,0.0,12.0,0.0,0.0
1039,Mexico,2024,1.0,0.0,0.0,19.0,0.0,0.0
1040,Mexico,2024,2.0,0.0,0.0,10.0,0.0,0.0
1041,Mexico,2024,6.0,0.0,0.0,10.0,0.0,0.0
1042,Mexico,2024,9.0,0.0,0.0,39.0,0.0,0.0
1043,Mexico,2024,10.0,0.0,0.0,43.0,0.0,0.0
1044,Micronesia (Federated States of),2023,9.0,0.0,0.0,0.0,0.0,0.0
1045,Mongolia,2020,1.0,0.0,0.0,0.0,0.0,0.0
1046,Mongolia,2020,6.0,0.0,0.0,2.0,0.0,0.0
1047,Mongolia,2020,7.0,0.0,0.0,8.0,0.0,0.0
1048,Mongolia,2021,3.0,0.0,0.0,12.0,0.0,0.0
1049,Mongolia,2021,6.0,0.0,0.0,0.0,0.0,0.0
1050,Mongolia,2022,6.0,0.0,0.0,0.0,0.0,0.0
1051,Mongolia,2022,11.0,0.0,0.0,0.0,0.0,0.0
1052,Mongolia,2023,5.0,0.0,2.0,2.0,0.0,100.0
1053,Mongolia,2023,7.0,0.0,0.0,0.0,0.0,0.0
1054,Mongolia,2023,8.0,0.0,0.0,4.0,0.0,0.0
1055,Mongolia,2023,11.0,0.0,0.0,8.0,0.0,0.0
1056,Morocco,2020,8.0,0.0,0.0,12.0,0.0,0.0
1057,Morocco,2021,2.0,0.0,0.0,24.0,0.0,0.0
1058,Morocco,2021,3.0,0.0,0.0,0.0,0.0,0.0
1059,Morocco,2022,1.0,0.0,0.0,43.0,0.0,0.0
1060,Morocco,2022,11.0,0.0,0.0,11.0,0.0,0.0
1061,Morocco,2022,12.0,0.0,0.0,21.0,0.0,0.0
1062,Morocco,2023,3.0,0.0,0.0,11.0,0.0,0.0
1063,Morocco,2023,4.0,0.0,0.0,11.0,0.0,0.0
1064,Morocco,2023,9.0,0.0,0.0,2946.0,0.0,0.0
1065,Morocco,2024,9.0,0.0,0.0,22.0,0.0,0.0
1066,Mozambique,2020,2.0,0.0,0.0,2.0,0.0,0.0
1067,Mozambique,2020,10.0,0.0,0.0,22.0,0.0,0.0
1068,Mozambique,2021,1.0,0.0,0.0,11.0,0.0,0.0
1069,Mozambique,2021,2.0,0.0,0.0,0.0,0.0,0.0
1070,Mozambique,2021,6.0,0.0,0.0,0.0,0.0,0.0
1071,Mozambique,2022,1.0,0.0,0.0,38.0,0.0,0.0
1072,Mozambique,2022,2.0,0.0,0.0,14.0,0.0,0.0
1073,Mozambique,2022,3.0,0.0,0.0,63.0,0.0,0.0
1074,Mozambique,2023,1.0,0.0,0.0,141.0,0.0,0.0
1075,Mozambique,2023,2.0,0.0,0.0,197.0,0.0,0.0
1076,Mozambique,2023,10.0,0.0,0.0,0.0,0.0,0.0
1077,Mozambique,2024,3.0,0.0,0.0,2.0,0.0,0.0
1078,Mozambique,2024,10.0,0.0,0.0,42.0,0.0,0.0
1079,Mozambique,2024,12.0,0.0,0.0,120.0,0.0,0.0
1080,Myanmar,2020,7.0,0.0,0.0,174.0,0.0,0.0
1081,Myanmar,2021,6.0,0.0,0.0,12.0,0.0,0.0
1082,Myanmar,2021,7.0,0.0,0.0,0.0,0.0,0.0
1083,Myanmar,2022,2.0,0.0,0.0,17.0,0.0,0.0
1084,Myanmar,2023,4.0,0.0,0.0,8.0,0.0,0.0
1085,Myanmar,2023,5.0,0.0,0.0,148.0,0.0,0.0
1086,Myanmar,2023,8.0,0.0,0.0,44.0,0.0,0.0
1087,Myanmar,2023,10.0,0.0,0.0,5.0,0.0,0.0
1088,Myanmar,2024,6.0,0.0,0.0,0.0,0.0,0.0
1089,Myanmar,2024,9.0,0.0,0.0,460.0,0.0,0.0
1090,Namibia,2020,3.0,0.0,0.0,0.0,0.0,0.0
1091,Namibia,2020,7.0,0.0,0.0,0.0,0.0,0.0
1092,Namibia,2021,1.0,0.0,0.0,0.0,0.0,0.0
1093,Namibia,2023,1.0,0.0,0.0,0.0,0.0,0.0
1094,Namibia,2024,5.0,0.0,0.0,0.0,0.0,0.0
1095,Nepal,2020,6.0,0.0,0.0,448.0,0.0,0.0
1096,Nepal,2021,6.0,0.0,0.0,46.0,0.0,0.0
1097,Nepal,2021,7.0,0.0,0.0,74.0,0.0,0.0
1098,Nepal,2021,9.0,0.0,0.0,13.0,0.0,0.0
1099,Nepal,2021,10.0,0.0,0.0,118.0,0.0,0.0
1100,Nepal,2022,6.0,0.0,0.0,0.0,0.0,0.0
1101,Nepal,2022,7.0,0.0,0.0,22.0,0.0,0.0
1102,Nepal,2022,8.0,0.0,0.0,132.0,0.0,0.0
1103,Nepal,2022,9.0,0.0,0.0,15.0,0.0,0.0
1104,Nepal,2022,11.0,0.0,0.0,6.0,0.0,0.0
1105,Nepal,2023,1.0,0.0,0.0,72.0,0.0,0.0
1106,Nepal,2023,4.0,0.0,0.0,0.0,0.0,0.0
1107,Nepal,2023,6.0,0.0,0.0,36.0,0.0,0.0
1108,Nepal,2023,10.0,0.0,0.0,1.0,0.0,0.0
1109,Nepal,2023,11.0,0.0,0.0,154.0,0.0,0.0
1110,Nepal,2024,7.0,0.0,0.0,105.0,0.0,0.0
1111,Nepal,2024,8.0,0.0,0.0,0.0,0.0,0.0
1112,Nepal,2024,9.0,0.0,0.0,268.0,0.0,0.0
1113,Netherlands (Kingdom of the),2021,7.0,0.0,0.0,0.0,0.0,0.0
1114,Netherlands (Kingdom of the),2021,10.0,0.0,0.0,0.0,0.0,0.0
1115,Netherlands (Kingdom of the),2024,11.0,0.0,0.0,1.0,0.0,0.0
1116,New Zealand,2020,2.0,0.0,0.0,0.0,0.0,0.0
1117,New Zealand,2020,10.0,0.0,0.0,0.0,0.0,0.0
1118,New Zealand,2020,11.0,0.0,0.0,0.0,0.0,0.0
1119,New Zealand,2021,5.0,0.0,0.0,0.0,0.0,0.0
1120,New Zealand,2021,6.0,0.0,0.0,1.0,0.0,0.0
1121,New Zealand,2021,7.0,0.0,0.0,0.0,0.0,0.0
1122,New Zealand,2021,8.0,0.0,0.0,0.0,0.0,0.0
1123,New Zealand,2022,8.0,0.0,0.0,0.0,0.0,0.0
1124,New Zealand,2023,1.0,0.0,0.0,4.0,0.0,0.0
1125,New Zealand,2023,2.0,0.0,0.0,11.0,0.0,0.0
1126,New Zealand,2023,4.0,0.0,0.0,0.0,0.0,0.0
1127,New Zealand,2024,6.0,0.0,0.0,0.0,0.0,0.0
1128,Nicaragua,2020,11.0,0.0,0.0,36.0,0.0,0.0
1129,Nicaragua,2023,12.0,0.0,0.0,19.0,0.0,0.0
1130,Niger,2020,7.0,0.0,0.0,73.0,0.0,0.0
1131,Niger,2020,8.0,0.0,0.0,10.0,0.0,0.0
1132,Niger,2021,6.0,0.0,0.0,62.0,0.0,0.0
1133,Niger,2021,8.0,0.0,0.0,166.0,0.0,0.0
1134,Niger,2021,11.0,0.0,0.0,44.0,0.0,0.0
1135,Niger,2022,6.0,0.0,0.0,195.0,0.0,0.0
1136,Niger,2023,7.0,0.0,0.0,41.0,0.0,0.0
1137,Niger,2024,6.0,0.0,0.0,396.0,0.0,0.0
1138,Nigeria,2020,1.0,0.0,0.0,47.0,0.0,0.0
1139,Nigeria,2020,3.0,0.0,0.0,17.0,0.0,0.0
1140,Nigeria,2020,4.0,0.0,0.0,14.0,0.0,0.0
1141,Nigeria,2020,6.0,0.0,0.0,189.0,0.0,0.0
1142,Nigeria,2020,8.0,0.0,0.0,30.0,0.0,0.0
1143,Nigeria,2020,9.0,0.0,0.0,23.0,0.0,0.0
1144,Nigeria,2020,11.0,0.0,0.0,94.0,0.0,0.0
1145,Nigeria,2021,4.0,0.0,0.0,12.0,0.0,0.0
1146,Nigeria,2021,5.0,0.0,0.0,160.0,0.0,0.0
1147,Nigeria,2021,7.0,0.0,0.0,0.0,0.0,0.0
1148,Nigeria,2021,8.0,0.0,0.0,3625.0,0.0,0.0
1149,Nigeria,2021,9.0,0.0,0.0,4.0,0.0,0.0
1150,Nigeria,2021,11.0,0.0,0.0,84.0,0.0,0.0
1151,Nigeria,2022,4.0,0.0,0.0,143.0,0.0,0.0
1152,Nigeria,2022,5.0,0.0,0.0,31.0,0.0,0.0
1153,Nigeria,2022,7.0,0.0,0.0,662.0,0.0,0.0
1154,Nigeria,2022,9.0,0.0,0.0,20.0,0.0,0.0
1155,Nigeria,2022,10.0,0.0,0.0,14.0,0.0,0.0
1156,Nigeria,2022,11.0,0.0,0.0,54.0,0.0,0.0
1157,Nigeria,2023,1.0,0.0,0.0,1075.0,0.0,0.0
1158,Nigeria,2023,3.0,0.0,0.0,34.0,0.0,0.0
1159,Nigeria,2023,5.0,0.0,0.0,40.0,0.0,0.0
1160,Nigeria,2023,6.0,0.0,0.0,106.0,0.0,0.0
1161,Nigeria,2023,9.0,0.0,0.0,13.0,0.0,0.0
1162,Nigeria,2023,10.0,0.0,0.0,333.0,0.0,0.0
1163,Nigeria,2024,4.0,0.0,0.0,1.0,0.0,0.0
1164,Nigeria,2024,6.0,0.0,0.0,14.0,0.0,0.0
1165,Nigeria,2024,7.0,0.0,0.0,21.0,0.0,0.0
1166,Nigeria,2024,8.0,0.0,0.0,341.0,0.0,0.0
1167,Nigeria,2024,9.0,0.0,0.0,103.0,0.0,0.0
1168,Nigeria,2024,10.0,0.0,0.0,206.0,0.0,0.0
1169,Nigeria,2024,12.0,0.0,0.0,32.0,0.0,0.0
1170,North Macedonia,2021,7.0,0.0,0.0,1.0,0.0,0.0
1171,North Macedonia,2021,9.0,0.0,0.0,14.0,0.0,0.0
1172,Norway,2020,12.0,0.0,0.0,10.0,0.0,0.0
1173,Norway,2022,1.0,0.0,0.0,0.0,0.0,0.0
1174,Oman,2020,5.0,0.0,0.0,3.0,0.0,0.0
1175,Oman,2021,7.0,0.0,0.0,7.0,0.0,0.0
1176,Oman,2021,10.0,0.0,0.0,13.0,0.0,0.0
1177,Oman,2024,2.0,0.0,0.0,7.0,0.0,0.0
1178,Oman,2024,4.0,0.0,0.0,20.0,0.0,0.0
1179,Pakistan,2020,1.0,0.0,0.0,107.0,0.0,0.0
1180,Pakistan,2020,2.0,0.0,0.0,18.0,0.0,0.0
1181,Pakistan,2020,3.0,0.0,0.0,90.0,0.0,0.0
1182,Pakistan,2020,6.0,0.0,0.0,7.0,0.0,0.0
1183,Pakistan,2020,7.0,0.0,0.0,22.0,0.0,0.0
1184,Pakistan,2020,8.0,0.0,0.0,410.0,0.0,0.0
1185,Pakistan,2020,9.0,0.0,0.0,18.0,0.0,0.0
1186,Pakistan,2020,10.0,0.0,0.0,16.0,0.0,0.0
1187,Pakistan,2020,11.0,0.0,0.0,22.0,0.0,0.0
1188,Pakistan,2021,3.0,0.0,0.0,2.0,0.0,0.0
1189,Pakistan,2021,5.0,0.0,0.0,12.0,0.0,0.0
1190,Pakistan,2021,6.0,0.0,0.0,81.0,0.0,0.0
1191,Pakistan,2021,7.0,0.0,0.0,250.0,0.0,0.0
1192,Pakistan,2021,9.0,0.0,0.0,19.0,0.0,0.0
1193,Pakistan,2021,10.0,0.0,0.0,21.0,0.0,0.0
1194,Pakistan,2021,11.0,0.0,0.0,20.0,0.0,0.0
1195,Pakistan,2021,12.0,0.0,0.0,12.0,0.0,0.0
1196,Pakistan,2022,1.0,0.0,0.0,22.0,0.0,0.0
1197,Pakistan,2022,5.0,0.0,0.0,4.0,0.0,0.0
1198,Pakistan,2022,6.0,0.0,0.0,1804.0,0.0,0.0
1199,Pakistan,2022,7.0,0.0,0.0,46.0,0.0,0.0
1200,Pakistan,2022,8.0,0.0,0.0,20.0,0.0,0.0
1201,Pakistan,2022,11.0,0.0,0.0,20.0,0.0,0.0
1202,Pakistan,2023,1.0,0.0,0.0,92.0,0.0,0.0
1203,Pakistan,2023,3.0,0.0,0.0,60.0,0.0,0.0
1204,Pakistan,2023,4.0,0.0,0.0,12.0,0.0,0.0
1205,Pakistan,2023,5.0,0.0,0.0,11.0,0.0,0.0
1206,Pakistan,2023,6.0,0.0,0.0,250.0,0.0,0.0
1207,Pakistan,2023,8.0,0.0,0.0,34.0,0.0,0.0
1208,Pakistan,2023,9.0,0.0,0.0,6.0,0.0,0.0
1209,Pakistan,2023,11.0,0.0,0.0,11.0,0.0,0.0
1210,Pakistan,2024,2.0,0.0,0.0,40.0,0.0,0.0
1211,Pakistan,2024,3.0,0.0,0.0,111.0,0.0,0.0
1212,Pakistan,2024,4.0,0.0,0.0,24.0,0.0,0.0
1213,Pakistan,2024,5.0,0.0,0.0,20.0,0.0,0.0
1214,Pakistan,2024,6.0,568.0,0.0,579.0,98.10017271157167,0.0
1215,Pakistan,2024,7.0,0.0,0.0,368.0,0.0,0.0
1216,Pakistan,2024,8.0,0.0,0.0,36.0,0.0,0.0
1217,Pakistan,2024,11.0,0.0,0.0,24.0,0.0,0.0
1218,Palau,2021,4.0,0.0,0.0,0.0,0.0,0.0
1219,Panama,2020,8.0,0.0,0.0,11.0,0.0,0.0
1220,Panama,2020,11.0,0.0,0.0,83.0,0.0,0.0
1221,Panama,2021,6.0,0.0,0.0,0.0,0.0,0.0
1222,Panama,2021,7.0,0.0,0.0,1.0,0.0,0.0
1223,Panama,2022,11.0,0.0,0.0,0.0,0.0,0.0
1224,Panama,2023,2.0,0.0,0.0,39.0,0.0,0.0
1225,Panama,2024,1.0,0.0,0.0,22.0,0.0,0.0
1226,Panama,2024,11.0,0.0,0.0,7.0,0.0,0.0
1227,Papua New Guinea,2020,2.0,0.0,0.0,7.0,0.0,0.0
1228,Papua New Guinea,2020,3.0,0.0,0.0,12.0,0.0,0.0
1229,Papua New Guinea,2020,4.0,0.0,0.0,10.0,0.0,0.0
1230,Papua New Guinea,2020,12.0,0.0,0.0,13.0,0.0,0.0
1231,Papua New Guinea,2022,9.0,0.0,0.0,7.0,0.0,0.0
1232,Papua New Guinea,2023,4.0,0.0,0.0,8.0,0.0,0.0
1233,Papua New Guinea,2024,3.0,0.0,0.0,28.0,0.0,0.0
1234,Papua New Guinea,2024,5.0,0.0,0.0,670.0,0.0,0.0
1235,Paraguay,2020,2.0,0.0,0.0,20.0,0.0,0.0
1236,Paraguay,2021,1.0,0.0,0.0,10.0,0.0,0.0
1237,Paraguay,2023,2.0,0.0,0.0,0.0,0.0,0.0
1238,Paraguay,2023,10.0,0.0,0.0,6.0,0.0,0.0
1239,Peru,2020,1.0,0.0,0.0,48.0,0.0,0.0
1240,Peru,2020,2.0,0.0,0.0,30.0,0.0,0.0
1241,Peru,2020,3.0,0.0,0.0,0.0,0.0,0.0
1242,Peru,2020,8.0,0.0,0.0,13.0,0.0,0.0
1243,Peru,2021,2.0,0.0,0.0,21.0,0.0,0.0
1244,Peru,2021,3.0,0.0,0.0,1.0,0.0,0.0
1245,Peru,2021,4.0,0.0,0.0,0.0,0.0,0.0
1246,Peru,2021,5.0,0.0,0.0,27.0,0.0,0.0
1247,Peru,2021,7.0,0.0,0.0,0.0,0.0,0.0
1248,Peru,2021,8.0,0.0,0.0,43.0,0.0,0.0
1249,Peru,2021,10.0,0.0,0.0,1.0,0.0,0.0
1250,Peru,2021,11.0,0.0,0.0,10.0,0.0,0.0
1251,Peru,2022,1.0,0.0,0.0,3.0,0.0,0.0
1252,Peru,2022,2.0,0.0,0.0,0.0,0.0,0.0
1253,Peru,2022,3.0,0.0,0.0,10.0,0.0,0.0
1254,Peru,2022,7.0,0.0,0.0,16.0,0.0,0.0
1255,Peru,2023,1.0,0.0,0.0,96.0,0.0,0.0
1256,Peru,2023,2.0,0.0,0.0,38.0,0.0,0.0
1257,Peru,2023,3.0,0.0,0.0,14.0,0.0,0.0
1258,Peru,2023,4.0,0.0,0.0,25.0,0.0,0.0
1259,Peru,2023,5.0,0.0,0.0,27.0,0.0,0.0
1260,Peru,2023,6.0,0.0,0.0,176.0,0.0,0.0
1261,Peru,2023,8.0,0.0,0.0,13.0,0.0,0.0
1262,Peru,2023,9.0,0.0,0.0,25.0,0.0,0.0
1263,Peru,2023,11.0,0.0,0.0,23.0,0.0,0.0
1264,Peru,2024,1.0,0.0,0.0,0.0,0.0,0.0
1265,Peru,2024,2.0,0.0,0.0,0.0,0.0,0.0
1266,Peru,2024,3.0,0.0,0.0,0.0,0.0,0.0
1267,Peru,2024,4.0,0.0,0.0,25.0,0.0,0.0
1268,Peru,2024,5.0,0.0,0.0,26.0,0.0,0.0
1269,Peru,2024,6.0,0.0,0.0,0.0,0.0,0.0
1270,Peru,2024,7.0,0.0,0.0,40.0,0.0,0.0
1271,Peru,2024,11.0,0.0,0.0,22.0,0.0,0.0
1272,Philippines,2020,1.0,0.0,0.0,1.0,0.0,0.0
1273,Philippines,2020,5.0,0.0,0.0,5.0,0.0,0.0
1274,Philippines,2020,6.0,0.0,0.0,14.0,0.0,0.0
1275,Philippines,2020,8.0,0.0,0.0,1.0,0.0,0.0
1276,Philippines,2020,10.0,0.0,0.0,65.0,0.0,0.0
1277,Philippines,2020,11.0,0.0,0.0,111.0,0.0,0.0
1278,Philippines,2020,12.0,0.0,0.0,19.0,0.0,0.0
1279,Philippines,2021,1.0,0.0,0.0,10.0,0.0,0.0
1280,Philippines,2021,2.0,0.0,0.0,6.0,0.0,0.0
1281,Philippines,2021,4.0,0.0,0.0,9.0,0.0,0.0
1282,Philippines,2021,7.0,0.0,0.0,50.0,0.0,0.0
1283,Philippines,2021,9.0,0.0,0.0,17.0,0.0,0.0
1284,Philippines,2021,10.0,0.0,0.0,62.0,0.0,0.0
1285,Philippines,2021,12.0,0.0,0.0,457.0,0.0,0.0
1286,Philippines,2022,1.0,0.0,0.0,11.0,0.0,0.0
1287,Philippines,2022,3.0,0.0,0.0,0.0,0.0,0.0
1288,Philippines,2022,4.0,0.0,0.0,349.0,0.0,0.0
1289,Philippines,2022,5.0,0.0,0.0,7.0,0.0,0.0
1290,Philippines,2022,7.0,0.0,0.0,10.0,0.0,0.0
1291,Philippines,2022,8.0,0.0,0.0,0.0,0.0,0.0
1292,Philippines,2022,9.0,0.0,0.0,17.0,0.0,0.0
1293,Philippines,2022,10.0,0.0,0.0,163.0,0.0,0.0
1294,Philippines,2022,12.0,0.0,0.0,70.0,0.0,0.0
1295,Philippines,2023,1.0,0.0,0.0,52.0,0.0,0.0
1296,Philippines,2023,2.0,0.0,0.0,17.0,0.0,0.0
1297,Philippines,2023,3.0,0.0,0.0,31.0,0.0,0.0
1298,Philippines,2023,4.0,0.0,0.0,0.0,0.0,0.0
1299,Philippines,2023,5.0,0.0,0.0,1.0,0.0,0.0
1300,Philippines,2023,6.0,0.0,0.0,0.0,0.0,0.0
1301,Philippines,2023,7.0,0.0,0.0,73.0,0.0,0.0
1302,Philippines,2023,8.0,0.0,0.0,15.0,0.0,0.0
1303,Philippines,2023,9.0,0.0,0.0,0.0,0.0,0.0
1304,Philippines,2023,10.0,0.0,0.0,0.0,0.0,0.0
1305,Philippines,2023,11.0,0.0,0.0,13.0,0.0,0.0
1306,Philippines,2023,12.0,0.0,0.0,21.0,0.0,0.0
1307,Philippines,2024,1.0,0.0,0.0,43.0,0.0,0.0
1308,Philippines,2024,2.0,0.0,0.0,128.0,0.0,0.0
1309,Philippines,2024,5.0,0.0,0.0,6.0,0.0,0.0
1310,Philippines,2024,6.0,0.0,0.0,0.0,0.0,0.0
1311,Philippines,2024,7.0,0.0,0.0,64.0,0.0,0.0
1312,Philippines,2024,8.0,0.0,0.0,11.0,0.0,0.0
1313,Philippines,2024,9.0,0.0,0.0,37.0,0.0,0.0
1314,Philippines,2024,10.0,0.0,0.0,191.0,0.0,0.0
1315,Philippines,2024,11.0,0.0,0.0,16.0,0.0,0.0
1316,Philippines,2024,12.0,0.0,0.0,0.0,0.0,0.0
1317,Poland,2020,2.0,0.0,0.0,3.0,0.0,0.0
1318,Poland,2020,6.0,0.0,0.0,0.0,0.0,0.0
1319,Poland,2021,6.0,0.0,0.0,0.0,0.0,0.0
1320,Poland,2021,7.0,0.0,0.0,0.0,0.0,0.0
1321,Poland,2021,10.0,0.0,0.0,4.0,0.0,0.0
1322,Poland,2022,2.0,0.0,0.0,2.0,0.0,0.0
1323,Poland,2022,4.0,0.0,0.0,22.0,0.0,0.0
1324,Poland,2024,9.0,0.0,0.0,9.0,0.0,0.0
1325,Portugal,2022,7.0,0.0,0.0,3.0,0.0,0.0
1326,Portugal,2023,8.0,0.0,0.0,0.0,0.0,0.0
1327,Portugal,2024,9.0,0.0,0.0,9.0,0.0,0.0
1328,Puerto Rico,2020,1.0,0.0,0.0,4.0,0.0,0.0
1329,Puerto Rico,2020,5.0,0.0,0.0,0.0,0.0,0.0
1330,Puerto Rico,2020,8.0,0.0,0.0,1.0,0.0,0.0
1331,Puerto Rico,2022,2.0,0.0,0.0,0.0,0.0,0.0
1332,Puerto Rico,2022,5.0,0.0,0.0,11.0,0.0,0.0
1333,Republic of Korea,2020,4.0,0.0,0.0,38.0,0.0,0.0
1334,Republic of Korea,2020,7.0,0.0,0.0,10.0,0.0,0.0
1335,Republic of Korea,2020,8.0,0.0,0.0,68.0,0.0,0.0
1336,Republic of Korea,2020,9.0,0.0,0.0,3.0,0.0,0.0
1337,Republic of Korea,2021,8.0,0.0,0.0,0.0,0.0,0.0
1338,Republic of Korea,2022,2.0,0.0,0.0,0.0,0.0,0.0
1339,Republic of Korea,2022,8.0,0.0,0.0,14.0,0.0,0.0
1340,Republic of Korea,2022,9.0,0.0,0.0,12.0,0.0,0.0
1341,Republic of Korea,2022,10.0,0.0,0.0,159.0,0.0,0.0
1342,Republic of Korea,2023,1.0,0.0,0.0,0.0,0.0,0.0
1343,Republic of Korea,2023,4.0,0.0,0.0,1.0,0.0,0.0
1344,Republic of Korea,2023,7.0,0.0,0.0,58.0,0.0,0.0
1345,Republic of Korea,2024,6.0,0.0,0.0,22.0,0.0,0.0
1346,Republic of Korea,2024,7.0,0.0,0.0,4.0,0.0,0.0
1347,Republic of Korea,2024,9.0,0.0,0.0,1.0,0.0,0.0
1348,Republic of Korea,2024,11.0,0.0,0.0,14.0,0.0,0.0
1349,Republic of Korea,2024,12.0,0.0,0.0,179.0,0.0,0.0
1350,Republic of Moldova,2023,11.0,0.0,0.0,4.0,0.0,0.0
1351,Romania,2020,6.0,0.0,0.0,3.0,0.0,0.0
1352,Romania,2020,11.0,0.0,0.0,10.0,0.0,0.0
1353,Romania,2021,6.0,0.0,0.0,1.0,0.0,0.0
1354,Romania,2023,7.0,0.0,0.0,2.0,0.0,0.0
1355,Romania,2023,11.0,0.0,0.0,0.0,0.0,0.0
1356,Romania,2024,9.0,0.0,0.0,7.0,0.0,0.0
1357,Russian Federation,2020,1.0,0.0,0.0,11.0,0.0,0.0
1358,Russian Federation,2020,12.0,0.0,0.0,28.0,0.0,0.0
1359,Russian Federation,2021,5.0,0.0,0.0,10.0,0.0,0.0
1360,Russian Federation,2021,6.0,0.0,0.0,0.0,0.0,0.0
1361,Russian Federation,2021,7.0,0.0,0.0,8.0,0.0,0.0
1362,Russian Federation,2021,8.0,0.0,0.0,6.0,0.0,0.0
1363,Russian Federation,2021,10.0,0.0,0.0,32.0,0.0,0.0
1364,Russian Federation,2021,11.0,0.0,0.0,57.0,0.0,0.0
1365,Russian Federation,2022,4.0,0.0,0.0,17.0,0.0,0.0
1366,Russian Federation,2022,5.0,0.0,0.0,16.0,0.0,0.0
1367,Russian Federation,2022,6.0,0.0,0.0,6.0,0.0,0.0
1368,Russian Federation,2022,7.0,0.0,0.0,1.0,0.0,0.0
1369,Russian Federation,2022,8.0,0.0,0.0,16.0,0.0,0.0
1370,Russian Federation,2022,10.0,0.0,0.0,15.0,0.0,0.0
1371,Russian Federation,2022,12.0,0.0,0.0,22.0,0.0,0.0
1372,Russian Federation,2023,5.0,0.0,0.0,21.0,0.0,0.0
1373,Russian Federation,2023,7.0,0.0,0.0,10.0,0.0,0.0
1374,Russian Federation,2023,8.0,0.0,0.0,16.0,0.0,0.0
1375,Russian Federation,2023,11.0,0.0,0.0,2.0,0.0,0.0
1376,Russian Federation,2024,3.0,0.0,0.0,13.0,0.0,0.0
1377,Russian Federation,2024,4.0,0.0,0.0,3.0,0.0,0.0
1378,Russian Federation,2024,7.0,0.0,0.0,0.0,0.0,0.0
1379,Rwanda,2020,2.0,0.0,0.0,19.0,0.0,0.0
1380,Rwanda,2020,3.0,0.0,0.0,3.0,0.0,0.0
1381,Rwanda,2020,4.0,0.0,0.0,81.0,0.0,0.0
1382,Rwanda,2020,5.0,0.0,0.0,8.0,0.0,0.0
1383,Rwanda,2021,4.0,0.0,0.0,0.0,0.0,0.0
1384,Rwanda,2021,5.0,0.0,0.0,0.0,0.0,0.0
1385,Rwanda,2022,1.0,0.0,0.0,15.0,0.0,0.0
1386,Rwanda,2022,4.0,0.0,0.0,11.0,0.0,0.0
1387,Rwanda,2022,11.0,0.0,0.0,3.0,0.0,0.0
1388,Rwanda,2023,5.0,0.0,0.0,131.0,0.0,0.0
1389,Rwanda,2023,7.0,0.0,0.0,10.0,0.0,0.0
1390,Rwanda,2024,4.0,0.0,0.0,14.0,0.0,0.0
1391,Rwanda,2024,9.0,0.0,0.0,13.0,0.0,0.0
1392,Saint Lucia,2020,8.0,0.0,0.0,3.0,0.0,0.0
1393,Saint Lucia,2021,7.0,0.0,0.0,1.0,0.0,0.0
1394,Saint Lucia,2022,11.0,0.0,0.0,0.0,0.0,0.0
1395,Saint Vincent and the Grenadines,2020,10.0,0.0,0.0,8.0,0.0,0.0
1396,Saint Vincent and the Grenadines,2021,4.0,0.0,0.0,0.0,0.0,0.0
1397,Saint Vincent and the Grenadines,2021,7.0,0.0,0.0,0.0,0.0,0.0
1398,Saint Vincent and the Grenadines,2024,7.0,0.0,0.0,3.0,0.0,0.0
1399,Sao Tome and Principe,2021,12.0,0.0,0.0,8.0,0.0,0.0
1400,Sao Tome and Principe,2022,3.0,0.0,0.0,0.0,0.0,0.0
1401,Saudi Arabia,2020,8.0,0.0,0.0,3.0,0.0,0.0
1402,Saudi Arabia,2023,3.0,0.0,0.0,20.0,0.0,0.0
1403,Senegal,2020,9.0,0.0,0.0,11.0,0.0,0.0
1404,Senegal,2020,10.0,0.0,0.0,15.0,0.0,0.0
1405,Senegal,2022,5.0,0.0,0.0,11.0,0.0,0.0
1406,Senegal,2022,6.0,0.0,0.0,14.0,0.0,0.0
1407,Senegal,2022,8.0,0.0,0.0,0.0,0.0,0.0
1408,Senegal,2023,1.0,0.0,0.0,22.0,0.0,0.0
1409,Senegal,2023,7.0,0.0,0.0,38.0,0.0,0.0
1410,Senegal,2024,4.0,0.0,0.0,14.0,0.0,0.0
1411,Senegal,2024,7.0,0.0,0.0,11.0,0.0,0.0
1412,Senegal,2024,9.0,0.0,0.0,16.0,0.0,0.0
1413,Senegal,2024,10.0,0.0,0.0,0.0,0.0,0.0
1414,Serbia,2020,6.0,0.0,0.0,0.0,0.0,0.0
1415,Serbia,2021,1.0,0.0,0.0,0.0,0.0,0.0
1416,Serbia,2023,1.0,0.0,0.0,2.0,0.0,0.0
1417,Serbia,2023,6.0,0.0,0.0,0.0,0.0,0.0
1418,Serbia,2024,11.0,0.0,0.0,16.0,0.0,0.0
1419,Seychelles,2023,12.0,0.0,0.0,0.0,0.0,0.0
1420,Sierra Leone,2021,3.0,0.0,0.0,0.0,0.0,0.0
1421,Sierra Leone,2021,11.0,0.0,0.0,101.0,0.0,0.0
1422,Sierra Leone,2022,8.0,0.0,0.0,12.0,0.0,0.0
1423,Sierra Leone,2022,12.0,0.0,0.0,0.0,0.0,0.0
1424,Sierra Leone,2023,5.0,0.0,0.0,15.0,0.0,0.0
1425,Sierra Leone,2024,9.0,0.0,0.0,15.0,0.0,0.0
1426,Slovakia,2020,10.0,0.0,0.0,1.0,0.0,0.0
1427,Slovakia,2021,5.0,0.0,0.0,1.0,0.0,0.0
1428,Slovakia,2023,7.0,0.0,0.0,0.0,0.0,0.0
1429,Slovakia,2024,9.0,0.0,0.0,1.0,0.0,0.0
1430,Slovenia,2020,2.0,0.0,0.0,1.0,0.0,0.0
1431,Slovenia,2021,9.0,0.0,0.0,0.0,0.0,0.0
1432,Slovenia,2023,7.0,0.0,0.0,1.0,0.0,0.0
1433,Slovenia,2023,8.0,0.0,0.0,6.0,0.0,0.0
1434,Solomon Islands,2020,4.0,0.0,0.0,48.0,0.0,0.0
1435,Somalia,2020,4.0,0.0,0.0,26.0,0.0,0.0
1436,Somalia,2020,6.0,0.0,0.0,6.0,0.0,0.0
1437,Somalia,2020,11.0,0.0,0.0,9.0,0.0,0.0
1438,Somalia,2021,3.0,0.0,0.0,0.0,0.0,0.0
1439,Somalia,2021,5.0,0.0,0.0,25.0,0.0,0.0
1440,Somalia,2022,4.0,0.0,0.0,0.0,0.0,0.0
1441,Somalia,2022,5.0,0.0,0.0,0.0,0.0,0.0
1442,Somalia,2023,1.0,0.0,0.0,14.0,0.0,0.0
1443,Somalia,2023,3.0,0.0,0.0,21.0,0.0,0.0
1444,Somalia,2023,4.0,0.0,0.0,22.0,0.0,0.0
1445,Somalia,2023,9.0,0.0,0.0,118.0,0.0,0.0
1446,Somalia,2023,10.0,0.0,0.0,4.0,0.0,0.0
1447,Somalia,2023,12.0,0.0,0.0,60.0,0.0,0.0
1448,Somalia,2024,4.0,0.0,0.0,9.0,0.0,0.0
1449,South Africa,2020,2.0,0.0,0.0,3.0,0.0,0.0
1450,South Africa,2020,3.0,0.0,0.0,25.0,0.0,0.0
1451,South Africa,2020,11.0,0.0,0.0,10.0,0.0,0.0
1452,South Africa,2021,1.0,0.0,0.0,4.0,0.0,0.0
1453,South Africa,2021,2.0,0.0,0.0,31.0,0.0,0.0
1454,South Africa,2021,12.0,0.0,0.0,23.0,0.0,0.0
1455,South Africa,2022,1.0,0.0,0.0,27.0,0.0,0.0
1456,South Africa,2022,2.0,0.0,0.0,7.0,0.0,0.0
1457,South Africa,2022,4.0,0.0,0.0,544.0,0.0,0.0
1458,South Africa,2022,5.0,0.0,0.0,0.0,0.0,0.0
1459,South Africa,2022,6.0,0.0,0.0,0.0,0.0,0.0
1460,South Africa,2022,12.0,0.0,0.0,51.0,0.0,0.0
1461,South Africa,2023,2.0,0.0,0.0,37.0,0.0,0.0
1462,South Africa,2023,3.0,0.0,0.0,3.0,0.0,0.0
1463,South Africa,2023,6.0,0.0,0.0,5.0,0.0,0.0
1464,South Africa,2023,7.0,0.0,0.0,19.0,0.0,0.0
1465,South Africa,2023,8.0,0.0,0.0,74.0,0.0,0.0
1466,South Africa,2023,9.0,0.0,0.0,31.0,0.0,0.0
1467,South Africa,2023,12.0,0.0,0.0,35.0,0.0,0.0
1468,South Africa,2024,1.0,0.0,0.0,59.0,0.0,0.0
1469,South Africa,2024,3.0,0.0,0.0,2.0,0.0,0.0
1470,South Africa,2024,4.0,0.0,0.0,46.0,0.0,0.0
1471,South Africa,2024,5.0,0.0,0.0,44.0,0.0,0.0
1472,South Africa,2024,6.0,0.0,0.0,34.0,0.0,0.0
1473,South Africa,2024,7.0,0.0,0.0,13.0,0.0,0.0
1474,South Africa,2024,10.0,0.0,0.0,10.0,0.0,0.0
1475,South Sudan,2020,7.0,0.0,0.0,0.0,0.0,0.0
1476,South Sudan,2021,3.0,0.0,0.0,10.0,0.0,0.0
1477,South Sudan,2021,5.0,0.0,0.0,7.0,0.0,0.0
1478,South Sudan,2022,8.0,0.0,0.0,0.0,0.0,0.0
1479,South Sudan,2023,2.0,0.0,0.0,1.0,0.0,0.0
1480,South Sudan,2024,8.0,0.0,0.0,0.0,0.0,0.0
1481,South Sudan,2024,9.0,0.0,0.0,501.0,0.0,0.0
1482,Spain,2020,1.0,0.0,0.0,17.0,0.0,0.0
1483,Spain,2021,1.0,0.0,0.0,5.0,0.0,0.0
1484,Spain,2021,8.0,0.0,0.0,2.0,0.0,0.0
1485,Spain,2021,10.0,0.0,0.0,25.0,0.0,0.0
1486,Spain,2021,11.0,0.0,0.0,1.0,0.0,0.0
1487,Spain,2022,6.0,0.0,0.0,0.0,0.0,0.0
1488,Spain,2022,12.0,0.0,0.0,0.0,0.0,0.0
1489,Spain,2023,1.0,0.0,0.0,0.0,0.0,0.0
1490,Spain,2023,7.0,8352.0,0.0,8352.0,100.0,0.0
1491,Spain,2023,9.0,0.0,0.0,3.0,0.0,0.0
1492,Spain,2023,10.0,0.0,0.0,28.0,0.0,0.0
1493,Spain,2023,11.0,0.0,0.0,0.0,0.0,0.0
1494,Spain,2024,2.0,0.0,0.0,10.0,0.0,0.0
1495,Spain,2024,3.0,0.0,0.0,1.0,0.0,0.0
1496,Spain,2024,10.0,0.0,0.0,232.0,0.0,0.0
1497,Spain,2024,11.0,0.0,0.0,10.0,0.0,0.0
1498,Sri Lanka,2020,5.0,0.0,0.0,4.0,0.0,0.0
1499,Sri Lanka,2020,9.0,0.0,0.0,3.0,0.0,0.0
1500,Sri Lanka,2020,12.0,0.0,0.0,3.0,0.0,0.0
1501,Sri Lanka,2021,1.0,0.0,0.0,0.0,0.0,0.0
1502,Sri Lanka,2021,5.0,0.0,0.0,5.0,0.0,0.0
1503,Sri Lanka,2021,10.0,0.0,0.0,4.0,0.0,0.0
1504,Sri Lanka,2021,11.0,0.0,0.0,26.0,0.0,0.0
1505,Sri Lanka,2022,5.0,0.0,0.0,1.0,0.0,0.0
1506,Sri Lanka,2022,8.0,0.0,0.0,8.0,0.0,0.0
1507,Sri Lanka,2022,9.0,0.0,0.0,1.0,0.0,0.0
1508,Sri Lanka,2022,10.0,0.0,0.0,3.0,0.0,0.0
1509,Sri Lanka,2022,12.0,0.0,0.0,2.0,0.0,0.0
1510,Sri Lanka,2023,9.0,0.0,0.0,0.0,0.0,0.0
1511,Sri Lanka,2023,11.0,0.0,0.0,8.0,0.0,0.0
1512,Sri Lanka,2023,12.0,0.0,0.0,1.0,0.0,0.0
1513,Sri Lanka,2024,1.0,0.0,0.0,2.0,0.0,0.0
1514,Sri Lanka,2024,5.0,0.0,0.0,40.0,0.0,0.0
1515,Sri Lanka,2024,10.0,0.0,0.0,3.0,0.0,0.0
1516,Sri Lanka,2024,11.0,0.0,0.0,14.0,0.0,0.0
1517,State of Palestine,2020,1.0,0.0,3.0,3.0,0.0,100.0
1518,State of Palestine,2022,1.0,0.0,4.0,4.0,0.0,100.0
1519,State of Palestine,2022,11.0,0.0,0.0,21.0,0.0,0.0
1520,Sudan,2020,1.0,0.0,0.0,18.0,0.0,0.0
1521,Sudan,2020,6.0,0.0,0.0,155.0,0.0,0.0
1522,Sudan,2021,6.0,0.0,0.0,0.0,0.0,0.0
1523,Sudan,2021,7.0,0.0,0.0,52.0,0.0,0.0
1524,Sudan,2022,5.0,0.0,0.0,146.0,0.0,0.0
1525,Sudan,2024,6.0,0.0,0.0,143.0,0.0,0.0
1526,Sudan,2024,8.0,0.0,0.0,1508.0,0.0,0.0
1527,Suriname,2021,4.0,0.0,0.0,0.0,0.0,0.0
1528,Suriname,2022,3.0,0.0,0.0,0.0,0.0,0.0
1529,Suriname,2023,11.0,0.0,0.0,10.0,0.0,0.0
1530,Sweden,2020,2.0,0.0,0.0,1.0,0.0,0.0
1531,Sweden,2021,8.0,0.0,0.0,0.0,0.0,0.0
1532,Switzerland,2021,1.0,0.0,0.0,17.0,0.0,0.0
1533,Switzerland,2021,6.0,0.0,0.0,0.0,0.0,0.0
1534,Switzerland,2021,7.0,0.0,0.0,0.0,0.0,0.0
1535,Switzerland,2023,7.0,0.0,0.0,2.0,0.0,0.0
1536,Switzerland,2024,3.0,0.0,0.0,6.0,0.0,0.0
1537,Syrian Arab Republic,2020,3.0,0.0,0.0,32.0,0.0,0.0
1538,Syrian Arab Republic,2020,9.0,0.0,0.0,3.0,0.0,0.0
1539,Syrian Arab Republic,2021,1.0,0.0,0.0,1.0,0.0,0.0
1540,Syrian Arab Republic,2022,1.0,0.0,0.0,2.0,0.0,0.0
1541,Syrian Arab Republic,2022,3.0,0.0,0.0,11.0,0.0,0.0
1542,Syrian Arab Republic,2022,9.0,0.0,0.0,87.0,0.0,0.0
1543,Syrian Arab Republic,2023,1.0,0.0,0.0,16.0,0.0,0.0
1544,Syrian Arab Republic,2023,2.0,0.0,0.0,5670.0,0.0,0.0
1545,Syrian Arab Republic,2023,3.0,0.0,0.0,0.0,0.0,0.0
1546,Syrian Arab Republic,2023,6.0,0.0,0.0,0.0,0.0,0.0
1547,Syrian Arab Republic,2024,1.0,0.0,0.0,0.0,0.0,0.0
1548,Syrian Arab Republic,2024,11.0,0.0,0.0,0.0,0.0,0.0
1549,Taiwan (Province of China),2020,8.0,0.0,0.0,1.0,0.0,0.0
1550,Taiwan (Province of China),2021,1.0,0.0,0.0,18.0,0.0,0.0
1551,Taiwan (Province of China),2021,4.0,0.0,0.0,51.0,0.0,0.0
1552,Taiwan (Province of China),2021,10.0,0.0,0.0,46.0,0.0,0.0
1553,Taiwan (Province of China),2022,9.0,0.0,0.0,1.0,0.0,0.0
1554,Taiwan (Province of China),2022,10.0,0.0,0.0,0.0,0.0,0.0
1555,Taiwan (Province of China),2023,10.0,0.0,0.0,1.0,0.0,0.0
1556,Taiwan (Province of China),2024,4.0,0.0,0.0,20.0,0.0,0.0
1557,Taiwan (Province of China),2024,10.0,0.0,0.0,6.0,0.0,0.0
1558,Tajikistan,2020,5.0,0.0,0.0,2.0,0.0,0.0
1559,Tajikistan,2021,5.0,0.0,0.0,7.0,0.0,0.0
1560,Tajikistan,2021,7.0,0.0,0.0,17.0,0.0,0.0
1561,Tajikistan,2023,3.0,0.0,0.0,0.0,0.0,0.0
1562,Tajikistan,2023,8.0,0.0,0.0,21.0,0.0,0.0
1563,Tajikistan,2024,5.0,0.0,0.0,3.0,0.0,0.0
1564,Thailand,2020,8.0,0.0,0.0,5.0,0.0,0.0
1565,Thailand,2020,9.0,0.0,0.0,1.0,0.0,0.0
1566,Thailand,2020,10.0,0.0,0.0,24.0,0.0,0.0
1567,Thailand,2020,11.0,0.0,0.0,29.0,0.0,0.0
1568,Thailand,2020,12.0,0.0,0.0,1.0,0.0,0.0
1569,Thailand,2021,1.0,0.0,0.0,4.0,0.0,0.0
1570,Thailand,2021,3.0,0.0,0.0,2.0,0.0,0.0
1571,Thailand,2021,7.0,0.0,0.0,1.0,0.0,0.0
1572,Thailand,2021,8.0,0.0,0.0,0.0,0.0,0.0
1573,Thailand,2021,9.0,0.0,0.0,10.0,0.0,0.0
1574,Thailand,2021,10.0,0.0,0.0,0.0,0.0,0.0
1575,Thailand,2021,11.0,0.0,0.0,0.0,0.0,0.0
1576,Thailand,2022,4.0,0.0,0.0,0.0,0.0,0.0
1577,Thailand,2022,5.0,0.0,0.0,1.0,0.0,0.0
1578,Thailand,2022,7.0,0.0,0.0,2.0,0.0,0.0
1579,Thailand,2022,8.0,0.0,0.0,25.0,0.0,0.0
1580,Thailand,2022,9.0,0.0,0.0,5.0,0.0,0.0
1581,Thailand,2022,11.0,0.0,0.0,0.0,0.0,0.0
1582,Thailand,2022,12.0,0.0,0.0,7.0,0.0,0.0
1583,Thailand,2023,1.0,0.0,0.0,11.0,0.0,0.0
1584,Thailand,2023,4.0,0.0,0.0,0.0,0.0,0.0
1585,Thailand,2023,7.0,0.0,0.0,0.0,0.0,0.0
1586,Thailand,2023,12.0,0.0,0.0,20.0,0.0,0.0
1587,Thailand,2024,2.0,0.0,0.0,0.0,0.0,0.0
1588,Thailand,2024,4.0,0.0,0.0,2.0,0.0,0.0
1589,Thailand,2024,5.0,0.0,0.0,0.0,0.0,0.0
1590,Thailand,2024,8.0,0.0,0.0,22.0,0.0,0.0
1591,Thailand,2024,10.0,0.0,0.0,23.0,0.0,0.0
1592,Thailand,2024,11.0,0.0,0.0,35.0,0.0,0.0
1593,Timor-Leste,2020,3.0,0.0,0.0,3.0,0.0,0.0
1594,Timor-Leste,2021,4.0,0.0,0.0,41.0,0.0,0.0
1595,Timor-Leste,2022,1.0,0.0,0.0,20.0,0.0,0.0
1596,Togo,2020,9.0,0.0,0.0,11.0,0.0,0.0
1597,Togo,2022,6.0,0.0,0.0,13.0,0.0,0.0
1598,Togo,2022,10.0,0.0,0.0,0.0,0.0,0.0
1599,Tonga,2020,4.0,0.0,0.0,0.0,0.0,0.0
1600,Tonga,2022,1.0,0.0,0.0,4.0,0.0,0.0
1601,Trinidad and Tobago,2022,11.0,0.0,0.0,0.0,0.0,0.0
1602,Tunisia,2020,9.0,0.0,0.0,6.0,0.0,0.0
1603,Tunisia,2020,12.0,0.0,0.0,20.0,0.0,0.0
1604,Tunisia,2021,3.0,0.0,0.0,39.0,0.0,0.0
1605,Tunisia,2021,4.0,0.0,0.0,41.0,0.0,0.0
1606,Tunisia,2021,7.0,0.0,0.0,43.0,0.0,0.0
1607,Tunisia,2021,10.0,0.0,0.0,26.0,0.0,0.0
1608,Tunisia,2022,3.0,0.0,0.0,1.0,0.0,0.0
1609,Tunisia,2022,4.0,0.0,0.0,23.0,0.0,0.0
1610,Tunisia,2022,9.0,0.0,0.0,32.0,0.0,0.0
1611,Tunisia,2023,3.0,0.0,0.0,48.0,0.0,0.0
1612,Tunisia,2023,4.0,0.0,0.0,20.0,0.0,0.0
1613,Tunisia,2023,8.0,0.0,0.0,67.0,0.0,0.0
1614,Tunisia,2024,5.0,0.0,0.0,23.0,0.0,0.0
1615,Tunisia,2024,9.0,0.0,0.0,12.0,0.0,0.0
1616,Tunisia,2024,12.0,0.0,0.0,109.0,0.0,0.0
1617,Tuvalu,2021,1.0,0.0,0.0,0.0,0.0,0.0
1618,Türkiye,2020,1.0,0.0,0.0,54.0,0.0,0.0
1619,Türkiye,2020,2.0,0.0,0.0,51.0,0.0,0.0
1620,Türkiye,2020,6.0,0.0,0.0,59.0,0.0,0.0
1621,Türkiye,2020,8.0,0.0,0.0,16.0,0.0,0.0
1622,Türkiye,2020,10.0,0.0,0.0,115.0,0.0,0.0
1623,Türkiye,2020,12.0,0.0,0.0,10.0,0.0,0.0
1624,Türkiye,2021,3.0,0.0,0.0,11.0,0.0,0.0
1625,Türkiye,2021,7.0,0.0,0.0,24.0,0.0,0.0
1626,Türkiye,2021,8.0,0.0,0.0,70.0,0.0,0.0
1627,Türkiye,2022,6.0,0.0,0.0,3.0,0.0,0.0
1628,Türkiye,2022,8.0,0.0,0.0,34.0,0.0,0.0
1629,Türkiye,2022,10.0,0.0,0.0,41.0,0.0,0.0
1630,Türkiye,2022,11.0,0.0,0.0,2.0,0.0,0.0
1631,Türkiye,2022,12.0,0.0,0.0,0.0,0.0,0.0
1632,Türkiye,2023,2.0,0.0,0.0,53007.0,0.0,0.0
1633,Türkiye,2023,3.0,0.0,0.0,19.0,0.0,0.0
1634,Türkiye,2023,4.0,0.0,0.0,1.0,0.0,0.0
1635,Türkiye,2023,9.0,0.0,0.0,8.0,0.0,0.0
1636,Türkiye,2023,11.0,0.0,0.0,20.0,0.0,0.0
1637,Türkiye,2024,2.0,0.0,0.0,10.0,0.0,0.0
1638,Türkiye,2024,4.0,0.0,0.0,29.0,0.0,0.0
1639,Türkiye,2024,5.0,0.0,0.0,10.0,0.0,0.0
1640,Türkiye,2024,8.0,0.0,0.0,0.0,0.0,0.0
1641,Türkiye,2024,10.0,0.0,0.0,0.0,0.0,0.0
1642,Türkiye,2024,12.0,0.0,0.0,12.0,0.0,0.0
1643,Uganda,2020,4.0,0.0,0.0,5.0,0.0,0.0
1644,Uganda,2020,5.0,0.0,0.0,14.0,0.0,0.0
1645,Uganda,2020,8.0,0.0,0.0,9.0,0.0,0.0
1646,Uganda,2020,11.0,0.0,0.0,7.0,0.0,0.0
1647,Uganda,2020,12.0,0.0,0.0,26.0,0.0,0.0
1648,Uganda,2021,2.0,0.0,0.0,32.0,0.0,0.0
1649,Uganda,2021,5.0,0.0,0.0,4.0,0.0,0.0
1650,Uganda,2021,9.0,0.0,0.0,1.0,0.0,0.0
1651,Uganda,2022,1.0,0.0,0.0,9.0,0.0,0.0
1652,Uganda,2022,7.0,0.0,0.0,2497.0,0.0,0.0
1653,Uganda,2022,9.0,0.0,0.0,74.0,0.0,0.0
1654,Uganda,2022,10.0,0.0,0.0,11.0,0.0,0.0
1655,Uganda,2023,1.0,0.0,0.0,26.0,0.0,0.0
1656,Uganda,2023,4.0,0.0,0.0,23.0,0.0,0.0
1657,Uganda,2023,8.0,0.0,0.0,20.0,0.0,0.0
1658,Uganda,2024,4.0,0.0,0.0,77.0,0.0,0.0
1659,Uganda,2024,8.0,0.0,0.0,34.0,0.0,0.0
1660,Uganda,2024,10.0,0.0,0.0,24.0,0.0,0.0
1661,Uganda,2024,11.0,0.0,0.0,155.0,0.0,0.0
1662,Ukraine,2020,6.0,0.0,0.0,3.0,0.0,0.0
1663,Ukraine,2020,7.0,0.0,0.0,5.0,0.0,0.0
1664,Ukraine,2020,9.0,0.0,0.0,37.0,0.0,0.0
1665,Ukraine,2021,1.0,0.0,0.0,15.0,0.0,0.0
1666,Ukraine,2021,6.0,0.0,0.0,1.0,0.0,0.0
1667,Ukraine,2022,5.0,0.0,0.0,26.0,0.0,0.0
1668,Ukraine,2022,12.0,0.0,0.0,16.0,0.0,0.0
1669,Ukraine,2023,1.0,0.0,0.0,16.0,0.0,0.0
1670,Ukraine,2023,4.0,0.0,0.0,0.0,0.0,0.0
1671,Ukraine,2023,11.0,0.0,0.0,12.0,0.0,0.0
1672,United Arab Emirates,2023,4.0,0.0,0.0,16.0,0.0,0.0
1673,United Arab Emirates,2024,2.0,0.0,0.0,0.0,0.0,0.0
1674,United Arab Emirates,2024,4.0,0.0,0.0,4.0,0.0,0.0
1675,United Kingdom of Great Britain and Northern Ireland,2020,2.0,0.0,0.0,2.0,0.0,0.0
1676,United Kingdom of Great Britain and Northern Ireland,2022,1.0,0.0,0.0,2.0,0.0,0.0
1677,United Kingdom of Great Britain and Northern Ireland,2022,2.0,0.0,0.0,1.0,0.0,0.0
1678,United Kingdom of Great Britain and Northern Ireland,2024,11.0,0.0,0.0,5.0,0.0,0.0
1679,United Republic of Tanzania,2020,1.0,0.0,0.0,29.0,0.0,0.0
1680,United Republic of Tanzania,2020,2.0,0.0,0.0,22.0,0.0,0.0
1681,United Republic of Tanzania,2020,3.0,0.0,0.0,0.0,0.0,0.0
1682,United Republic of Tanzania,2020,4.0,0.0,0.0,2.0,0.0,0.0
1683,United Republic of Tanzania,2020,10.0,0.0,0.0,12.0,0.0,0.0
1684,United Republic of Tanzania,2021,1.0,0.0,0.0,1.0,0.0,0.0
1685,United Republic of Tanzania,2021,3.0,0.0,0.0,45.0,0.0,0.0
1686,United Republic of Tanzania,2021,4.0,0.0,0.0,0.0,0.0,0.0
1687,United Republic of Tanzania,2021,11.0,0.0,0.0,0.0,0.0,0.0
1688,United Republic of Tanzania,2022,1.0,0.0,0.0,24.0,0.0,0.0
1689,United Republic of Tanzania,2022,3.0,0.0,0.0,23.0,0.0,0.0
1690,United Republic of Tanzania,2022,4.0,0.0,0.0,14.0,0.0,0.0
1691,United Republic of Tanzania,2022,11.0,0.0,0.0,19.0,0.0,0.0
1692,United Republic of Tanzania,2023,4.0,0.0,0.0,13.0,0.0,0.0
1693,United Republic of Tanzania,2023,10.0,0.0,0.0,38.0,0.0,0.0
1694,United Republic of Tanzania,2023,12.0,0.0,0.0,89.0,0.0,0.0
1695,United Republic of Tanzania,2024,1.0,0.0,0.0,22.0,0.0,0.0
1696,United Republic of Tanzania,2024,2.0,0.0,0.0,25.0,0.0,0.0
1697,United Republic of Tanzania,2024,4.0,0.0,0.0,155.0,0.0,0.0
1698,United Republic of Tanzania,2024,5.0,0.0,0.0,11.0,0.0,0.0
1699,United Republic of Tanzania,2024,11.0,0.0,0.0,38.0,0.0,0.0
1700,United States of America,2020,1.0,0.0,0.0,55.0,0.0,0.0
1701,United States of America,2020,2.0,0.0,0.0,0.0,0.0,0.0
1702,United States of America,2020,3.0,0.0,0.0,25.0,0.0,0.0
1703,United States of America,2020,4.0,0.0,0.0,41.0,0.0,0.0
1704,United States of America,2020,5.0,0.0,0.0,5.0,0.0,0.0
1705,United States of America,2020,6.0,0.0,0.0,1.0,0.0,0.0
1706,United States of America,2020,7.0,0.0,0.0,16.0,0.0,0.0
1707,United States of America,2020,8.0,0.0,0.0,69.0,0.0,0.0
1708,United States of America,2020,9.0,0.0,0.0,8.0,0.0,0.0
1709,United States of America,2020,10.0,0.0,0.0,10.0,0.0,0.0
1710,United States of America,2020,11.0,0.0,0.0,23.0,0.0,0.0
1711,United States of America,2021,1.0,0.0,0.0,10.0,0.0,0.0
1712,United States of America,2021,2.0,0.0,0.0,236.0,0.0,0.0
1713,United States of America,2021,3.0,0.0,0.0,30.0,0.0,0.0
1714,United States of America,2021,4.0,0.0,0.0,16.0,0.0,0.0
1715,United States of America,2021,5.0,0.0,0.0,22.0,0.0,0.0
1716,United States of America,2021,6.0,229.0,0.0,341.0,67.15542521994135,0.0
1717,United States of America,2021,7.0,0.0,0.0,23.0,0.0,0.0
1718,United States of America,2021,8.0,0.0,0.0,138.0,0.0,0.0
1719,United States of America,2021,9.0,0.0,0.0,0.0,0.0,0.0
1720,United States of America,2021,10.0,0.0,0.0,4.0,0.0,0.0
1721,United States of America,2021,11.0,0.0,0.0,11.0,0.0,0.0
1722,United States of America,2021,12.0,0.0,0.0,100.0,0.0,0.0
1723,United States of America,2022,1.0,0.0,0.0,199.0,0.0,0.0
1724,United States of America,2022,2.0,0.0,0.0,10.0,0.0,0.0
1725,United States of America,2022,3.0,0.0,0.0,15.0,0.0,0.0
1726,United States of America,2022,4.0,0.0,0.0,9.0,0.0,0.0
1727,United States of America,2022,5.0,0.0,0.0,7.0,0.0,0.0
1728,United States of America,2022,6.0,0.0,0.0,53.0,0.0,0.0
1729,United States of America,2022,7.0,0.0,0.0,46.0,0.0,0.0
1730,United States of America,2022,9.0,0.0,0.0,152.0,0.0,0.0
1731,United States of America,2022,11.0,0.0,0.0,7.0,0.0,0.0
1732,United States of America,2022,12.0,0.0,0.0,121.0,0.0,0.0
1733,United States of America,2023,1.0,0.0,10.0,21.0,0.0,47.61904761904761
1734,United States of America,2023,3.0,0.0,0.0,72.0,0.0,0.0
1735,United States of America,2023,4.0,0.0,0.0,253.0,0.0,0.0
1736,United States of America,2023,5.0,0.0,0.0,1.0,0.0,0.0
1737,United States of America,2023,6.0,14.0,0.0,30.0,46.666666666666664,0.0
1738,United States of America,2023,7.0,0.0,0.0,10.0,0.0,0.0
1739,United States of America,2023,8.0,0.0,0.0,135.0,0.0,0.0
1740,United States of America,2023,9.0,0.0,0.0,2.0,0.0,0.0
1741,United States of America,2023,12.0,0.0,0.0,16.0,0.0,0.0
1742,United States of America,2024,1.0,0.0,0.0,66.0,0.0,0.0
1743,United States of America,2024,2.0,0.0,0.0,12.0,0.0,0.0
1744,United States of America,2024,3.0,0.0,0.0,8.0,0.0,0.0
1745,United States of America,2024,4.0,1006.0,0.0,1011.0,99.50544015825915,0.0
1746,United States of America,2024,5.0,0.0,0.0,38.0,0.0,0.0
1747,United States of America,2024,6.0,0.0,0.0,6.0,0.0,0.0
1748,United States of America,2024,7.0,0.0,0.0,48.0,0.0,0.0
1749,United States of America,2024,8.0,0.0,0.0,17.0,0.0,0.0
1750,United States of America,2024,9.0,0.0,0.0,219.0,0.0,0.0
1751,United States of America,2024,10.0,0.0,0.0,34.0,0.0,0.0
1752,United States of America,2024,11.0,0.0,0.0,5.0,0.0,0.0
1753,United States of America,2024,12.0,0.0,0.0,0.0,0.0,0.0
1754,Uruguay,2020,6.0,0.0,0.0,0.0,0.0,0.0
1755,Uruguay,2022,1.0,0.0,0.0,0.0,0.0,0.0
1756,Uruguay,2022,10.0,0.0,0.0,0.0,0.0,0.0
1757,Uruguay,2023,1.0,0.0,0.0,0.0,0.0,0.0
1758,Uruguay,2023,10.0,0.0,0.0,0.0,0.0,0.0
1759,Uruguay,2023,12.0,0.0,0.0,2.0,0.0,0.0
1760,Uruguay,2024,3.0,0.0,0.0,0.0,0.0,0.0
1761,Uruguay,2024,5.0,0.0,0.0,0.0,0.0,0.0
1762,Uruguay,2024,7.0,0.0,0.0,10.0,0.0,0.0
1763,Uzbekistan,2020,5.0,0.0,0.0,4.0,0.0,0.0
1764,Uzbekistan,2021,7.0,0.0,0.0,8.0,0.0,0.0
1765,Uzbekistan,2022,4.0,0.0,0.0,5.0,0.0,0.0
1766,Uzbekistan,2023,9.0,0.0,0.0,1.0,0.0,0.0
1767,Vanuatu,2020,4.0,0.0,0.0,3.0,0.0,0.0
1768,Vanuatu,2023,2.0,0.0,0.0,0.0,0.0,0.0
1769,Vanuatu,2023,3.0,0.0,0.0,0.0,0.0,0.0
1770,Vanuatu,2023,10.0,0.0,0.0,0.0,0.0,0.0
1771,Venezuela (Bolivarian Republic of),2020,11.0,0.0,0.0,3.0,0.0,0.0
1772,Venezuela (Bolivarian Republic of),2020,12.0,0.0,0.0,28.0,0.0,0.0
1773,Venezuela (Bolivarian Republic of),2021,4.0,0.0,0.0,0.0,0.0,0.0
1774,Venezuela (Bolivarian Republic of),2021,8.0,0.0,0.0,46.0,0.0,0.0
1775,Venezuela (Bolivarian Republic of),2022,4.0,0.0,0.0,1.0,0.0,0.0
1776,Venezuela (Bolivarian Republic of),2022,8.0,0.0,0.0,40.0,0.0,0.0
1777,Venezuela (Bolivarian Republic of),2022,9.0,0.0,0.0,20.0,0.0,0.0
1778,Venezuela (Bolivarian Republic of),2022,10.0,0.0,0.0,112.0,0.0,0.0
1779,Venezuela (Bolivarian Republic of),2022,11.0,0.0,0.0,9.0,0.0,0.0
1780,Venezuela (Bolivarian Republic of),2023,6.0,0.0,0.0,12.0,0.0,0.0
1781,Venezuela (Bolivarian Republic of),2023,12.0,0.0,0.0,16.0,0.0,0.0
1782,Venezuela (Bolivarian Republic of),2024,7.0,0.0,0.0,9.0,0.0,0.0
1783,Viet Nam,2020,3.0,0.0,0.0,5.0,0.0,0.0
1784,Viet Nam,2020,4.0,0.0,0.0,3.0,0.0,0.0
1785,Viet Nam,2020,7.0,0.0,0.0,7.0,0.0,0.0
1786,Viet Nam,2020,9.0,0.0,0.0,6.0,0.0,0.0
1787,Viet Nam,2020,10.0,0.0,0.0,286.0,0.0,0.0
1788,Viet Nam,2020,11.0,0.0,0.0,2.0,0.0,0.0
1789,Viet Nam,2021,4.0,0.0,0.0,3.0,0.0,0.0
1790,Viet Nam,2021,6.0,0.0,0.0,1.0,0.0,0.0
1791,Viet Nam,2021,9.0,0.0,0.0,3.0,0.0,0.0
1792,Viet Nam,2021,10.0,0.0,0.0,5.0,0.0,0.0
1793,Viet Nam,2021,11.0,0.0,0.0,18.0,0.0,0.0
1794,Viet Nam,2021,12.0,0.0,0.0,3.0,0.0,0.0
1795,Viet Nam,2022,2.0,0.0,0.0,17.0,0.0,0.0
1796,Viet Nam,2022,3.0,0.0,0.0,0.0,0.0,0.0
1797,Viet Nam,2022,5.0,0.0,0.0,22.0,0.0,0.0
1798,Viet Nam,2022,8.0,0.0,0.0,10.0,0.0,0.0
1799,Viet Nam,2022,9.0,0.0,0.0,46.0,0.0,0.0
1800,Viet Nam,2022,10.0,0.0,0.0,21.0,0.0,0.0
1801,Viet Nam,2022,12.0,0.0,0.0,5.0,0.0,0.0
1802,Viet Nam,2023,4.0,0.0,0.0,0.0,0.0,0.0
1803,Viet Nam,2023,7.0,0.0,0.0,8.0,0.0,0.0
1804,Viet Nam,2023,8.0,0.0,0.0,15.0,0.0,0.0
1805,Viet Nam,2023,9.0,0.0,0.0,56.0,0.0,0.0
1806,Viet Nam,2023,10.0,0.0,0.0,2.0,0.0,0.0
1807,Viet Nam,2023,11.0,0.0,0.0,5.0,0.0,0.0
1808,Viet Nam,2024,1.0,0.0,0.0,0.0,0.0,0.0
1809,Viet Nam,2024,4.0,0.0,0.0,1.0,0.0,0.0
1810,Viet Nam,2024,5.0,0.0,0.0,17.0,0.0,0.0
1811,Viet Nam,2024,6.0,0.0,0.0,10.0,0.0,0.0
1812,Viet Nam,2024,7.0,0.0,0.0,11.0,0.0,0.0
1813,Viet Nam,2024,9.0,0.0,0.0,348.0,0.0,0.0
1814,Viet Nam,2024,10.0,0.0,0.0,6.0,0.0,0.0
1815,Viet Nam,2024,12.0,0.0,0.0,23.0,0.0,0.0
1816,Yemen,2020,3.0,0.0,0.0,2.0,0.0,0.0
1817,Yemen,2020,4.0,0.0,0.0,10.0,0.0,0.0
1818,Yemen,2020,6.0,0.0,0.0,16.0,0.0,0.0
1819,Yemen,2021,3.0,0.0,0.0,43.0,0.0,0.0
1820,Yemen,2021,5.0,0.0,0.0,13.0,0.0,0.0
1821,Yemen,2021,7.0,0.0,0.0,33.0,0.0,0.0
1822,Yemen,2022,6.0,0.0,0.0,0.0,0.0,0.0
1823,Yemen,2022,7.0,0.0,0.0,77.0,0.0,0.0
1824,Yemen,2022,8.0,0.0,0.0,13.0,0.0,0.0
1825,Yemen,2023,3.0,0.0,0.0,248.0,0.0,0.0
1826,Yemen,2023,4.0,0.0,0.0,85.0,0.0,0.0
1827,Yemen,2023,10.0,0.0,0.0,7.0,0.0,0.0
1828,Yemen,2023,11.0,0.0,0.0,64.0,0.0,0.0
1829,Yemen,2024,3.0,0.0,0.0,680.0,0.0,0.0
1830,Yemen,2024,4.0,0.0,0.0,0.0,0.0,0.0
1831,Yemen,2024,7.0,0.0,0.0,302.0,0.0,0.0
1832,Yemen,2024,8.0,0.0,0.0,67.0,0.0,0.0
1833,Zambia,2020,1.0,0.0,0.0,0.0,0.0,0.0
1834,Zambia,2020,3.0,0.0,0.0,0.0,0.0,0.0
1835,Zambia,2020,12.0,0.0,0.0,3.0,0.0,0.0
1836,Zambia,2021,6.0,0.0,0.0,19.0,0.0,0.0
1837,Zambia,2021,7.0,0.0,0.0,0.0,0.0,0.0
1838,Zambia,2022,1.0,0.0,0.0,3.0,0.0,0.0
1839,Zambia,2023,1.0,0.0,0.0,2.0,0.0,0.0
1840,Zambia,2023,2.0,0.0,0.0,0.0,0.0,0.0
1841,Zambia,2023,5.0,0.0,0.0,24.0,0.0,0.0
1842,Zambia,2023,10.0,0.0,0.0,740.0,0.0,0.0
1843,Zambia,2023,12.0,0.0,0.0,31.0,0.0,0.0
1844,Zambia,2024,2.0,0.0,0.0,0.0,0.0,0.0
1845,Zimbabwe,2021,1.0,0.0,0.0,3.0,0.0,0.0
1846,Zimbabwe,2021,8.0,0.0,0.0,0.0,0.0,0.0
1847,Zimbabwe,2022,1.0,0.0,0.0,0.0,0.0,0.0
1848,Zimbabwe,2022,4.0,0.0,0.0,785.0,0.0,0.0
1849,Zimbabwe,2023,2.0,0.0,0.0,719.0,0.0,0.0
